--------------------------------------------------------
-- Archivo creado  - miércoles-abril-01-2020   
--------------------------------------------------------
--------------------------------------------------------
--  DDL for Table CATEGORIA
--------------------------------------------------------

  CREATE TABLE "AUTORACLE"."CATEGORIA" 
   (	"IDCATEGORIA" NUMBER(*,0), 
	"NOMBRE" VARCHAR2(128 BYTE)
   )   NO INMEMORY ;
--------------------------------------------------------
--  DDL for Table CITA
--------------------------------------------------------

  CREATE TABLE "AUTORACLE"."CITA" 
   (	"IDCITA" NUMBER(*,0), 
	"FECHA_SOLICITUD" DATE, 
	"FECHA_CONCERTADA" DATE, 
	"CLIENTE_IDCLIENTE" VARCHAR2(16 BYTE)
   )   NO INMEMORY ;
--------------------------------------------------------
--  DDL for Table CLIENTE
--------------------------------------------------------

  CREATE TABLE "AUTORACLE"."CLIENTE" 
   (	"IDCLIENTE" VARCHAR2(16 BYTE), 
	"TELEFONO" NUMBER(*,0), 
	"NOMBRE" VARCHAR2(64 BYTE), 
	"APELLIDO1" VARCHAR2(64 BYTE), 
	"APELLIDO2" VARCHAR2(64 BYTE), 
	"EMAIL" VARCHAR2(64 BYTE)
   )   NO INMEMORY ;
--------------------------------------------------------
--  DDL for Table COMPATIBLE
--------------------------------------------------------

  CREATE TABLE "AUTORACLE"."COMPATIBLE" 
   (	"PIEZA_CODREF" VARCHAR2(16 BYTE), 
	"MODELO_IDMODELO" NUMBER(*,0), 
	"MODELO_IDMARCA" NUMBER(*,0)
   )   NO INMEMORY ;
--------------------------------------------------------
--  DDL for Table COMPRA
--------------------------------------------------------

  CREATE TABLE "AUTORACLE"."COMPRA" 
   (	"IDCOMPRA" NUMBER(*,0), 
	"FECEMISION" DATE, 
	"PROVEEDOR_NIF" VARCHAR2(16 BYTE), 
	"FECRECEPCION" DATE
   )   NO INMEMORY ;
--------------------------------------------------------
--  DDL for Table CONTIENE
--------------------------------------------------------

  CREATE TABLE "AUTORACLE"."CONTIENE" 
   (	"FACTURA_IDFACTURA" NUMBER(*,0), 
	"PIEZA_CODREF" VARCHAR2(16 BYTE)
   )   NO INMEMORY ;
--------------------------------------------------------
--  DDL for Table EMPLEADO
--------------------------------------------------------

  CREATE TABLE "AUTORACLE"."EMPLEADO" 
   (	"IDEMPLEADO" VARCHAR2(16 BYTE), 
	"NOMBRE" VARCHAR2(64 BYTE), 
	"APELLIDO1" VARCHAR2(64 BYTE), 
	"APELLIDO2" VARCHAR2(64 BYTE), 
	"FECENTRADA" DATE, 
	"DESPEDIDO" NUMBER, 
	"SUELDOBASE" NUMBER(8,2), 
	"HORAS" NUMBER(*,0), 
	"PUESTO" VARCHAR2(64 BYTE), 
	"RETENCIONES" NUMBER(*,0)
   )   NO INMEMORY ;
--------------------------------------------------------
--  DDL for Table EXAMEN
--------------------------------------------------------

  CREATE TABLE "AUTORACLE"."EXAMEN" 
   (	"ESTADO" VARCHAR2(1024 BYTE), 
	"CATEGORIA_IDCATEGORIA" NUMBER(*,0), 
	"MANTENIMIENTO_IDSERVICIO" NUMBER(*,0)
   )   NO INMEMORY ;
--------------------------------------------------------
--  DDL for Table FACTURA
--------------------------------------------------------

  CREATE TABLE "AUTORACLE"."FACTURA" 
   (	"IDFACTURA" NUMBER(*,0), 
	"CLIENTE_IDCLIENTE" VARCHAR2(16 BYTE), 
	"IVA" NUMBER(*,0) DEFAULT 21, 
	"FECEMISION" DATE, 
	"DESCUENTO" NUMBER(*,0) DEFAULT 0, 
	"EMPLEADO_IDEMPLEADO" VARCHAR2(16 BYTE)
   )   NO INMEMORY ;
--------------------------------------------------------
--  DDL for Table LOTE
--------------------------------------------------------

  CREATE TABLE "AUTORACLE"."LOTE" 
   (	"NÚMERO_DE_PIEZAS" NUMBER(*,0), 
	"PIEZA_CODREF" VARCHAR2(16 BYTE), 
	"COMPRA_IDCOMPRA" NUMBER(*,0), 
	"IVA" NUMBER(*,0)
   )   NO INMEMORY ;
--------------------------------------------------------
--  DDL for Table MANTENIMIENTO
--------------------------------------------------------

  CREATE TABLE "AUTORACLE"."MANTENIMIENTO" 
   (	"IDSERVICIO" NUMBER(*,0), 
	"FECPROXREVISION" DATE
   )   NO INMEMORY ;
--------------------------------------------------------
--  DDL for Table MARCA
--------------------------------------------------------

  CREATE TABLE "AUTORACLE"."MARCA" 
   (	"IDMARCA" NUMBER(*,0), 
	"NOMBRE" VARCHAR2(128 BYTE), 
	"PRECIOHORA" NUMBER(6,2)
   )   NO INMEMORY ;
--------------------------------------------------------
--  DDL for Table MODELO
--------------------------------------------------------

  CREATE TABLE "AUTORACLE"."MODELO" 
   (	"IDMODELO" NUMBER(*,0), 
	"MARCA_IDMARCA" NUMBER(*,0), 
	"NOMBRE" VARCHAR2(128 BYTE), 
	"NUMPUERTAS" NUMBER, 
	"COMBUSTIBLE" VARCHAR2(64 BYTE), 
	"CAPACMALETERO" NUMBER(*,0)
   )   NO INMEMORY ;
--------------------------------------------------------
--  DDL for Table NECESITA
--------------------------------------------------------

  CREATE TABLE "AUTORACLE"."NECESITA" 
   (	"PIEZA" VARCHAR2(16 BYTE), 
	"REPARACION" NUMBER
   )   NO INMEMORY ;
--------------------------------------------------------
--  DDL for Table PIEZA
--------------------------------------------------------

  CREATE TABLE "AUTORACLE"."PIEZA" 
   (	"CODREF" VARCHAR2(16 BYTE), 
	"NOMBRE" VARCHAR2(128 BYTE), 
	"PRECIOUNIDADVENTA" NUMBER(8,2), 
	"PRECIOUNIDADCOMPRA" NUMBER(8,2), 
	"CANTIDAD" NUMBER(*,0), 
	"FECCADUCIDAD" DATE, 
	"PROVEEDOR_NIF" VARCHAR2(16 BYTE)
   )   NO INMEMORY ;
--------------------------------------------------------
--  DDL for Table PROVEE
--------------------------------------------------------

  CREATE TABLE "AUTORACLE"."PROVEE" 
   (	"PROVEEDOR_NIF" VARCHAR2(16 BYTE), 
	"PIEZA_CODREF" VARCHAR2(16 BYTE)
   )   NO INMEMORY ;
--------------------------------------------------------
--  DDL for Table PROVEEDOR
--------------------------------------------------------

  CREATE TABLE "AUTORACLE"."PROVEEDOR" 
   (	"NIF" VARCHAR2(16 BYTE), 
	"TELEFONO" NUMBER(*,0), 
	"NOMBRE" VARCHAR2(64 BYTE), 
	"EMAIL" VARCHAR2(64 BYTE), 
	"DIRECCION" VARCHAR2(256 BYTE), 
	"CODPOSTAL" NUMBER(*,0), 
	"WEB" VARCHAR2(128 BYTE)
   )   NO INMEMORY ;
--------------------------------------------------------
--  DDL for Table REPARACION
--------------------------------------------------------

  CREATE TABLE "AUTORACLE"."REPARACION" 
   (	"IDSERVICIO" NUMBER(*,0), 
	"MOTIVO" VARCHAR2(1024 BYTE), 
	"HORAS" NUMBER(6,2)
   )   NO INMEMORY ;
--------------------------------------------------------
--  DDL for Table REQUIERE
--------------------------------------------------------

  CREATE TABLE "AUTORACLE"."REQUIERE" 
   (	"PIEZA_CODREF" VARCHAR2(16 BYTE), 
	"EXAMEN_CATEGORIA_IDCATEGORIA" NUMBER(*,0)
   )   NO INMEMORY ;
--------------------------------------------------------
--  DDL for Table SERVICIO
--------------------------------------------------------

  CREATE TABLE "AUTORACLE"."SERVICIO" 
   (	"IDSERVICIO" NUMBER(*,0), 
	"ESTADO" VARCHAR2(64 BYTE), 
	"FECAPERTURA" DATE, 
	"FECRECEPCION" DATE, 
	"FECREALIZACION" DATE, 
	"OBSCHAPA" VARCHAR2(1024 BYTE), 
	"VEHICULO_NUMBASTIDOR" VARCHAR2(64 BYTE), 
	"EFECTIVIDAD" NUMBER(*,0)
   )   NO INMEMORY ;
--------------------------------------------------------
--  DDL for Table TRABAJA
--------------------------------------------------------

  CREATE TABLE "AUTORACLE"."TRABAJA" 
   (	"EMPLEADO_IDEMPLEADO" VARCHAR2(16 BYTE), 
	"SERVICIO_IDSERVICIO" NUMBER(*,0)
   )   NO INMEMORY ;
--------------------------------------------------------
--  DDL for Table VACACIONES
--------------------------------------------------------

  CREATE TABLE "AUTORACLE"."VACACIONES" 
   (	"IDENTIFICADOR" NUMBER(*,0), 
	"FECENTRADA" DATE, 
	"FECSALIDA" DATE, 
	"CONCEDIDO" NUMBER, 
	"EMPLEADO_IDEMPLEADO" VARCHAR2(16 BYTE)
   )   NO INMEMORY ;
--------------------------------------------------------
--  DDL for Table VEHICULO
--------------------------------------------------------

  CREATE TABLE "AUTORACLE"."VEHICULO" 
   (	"NUMBASTIDOR" VARCHAR2(64 BYTE), 
	"MATRICULA" VARCHAR2(16 BYTE), 
	"FABRICACION" NUMBER(*,0), 
	"MODELO_IDMODELO" NUMBER(*,0), 
	"MODELO_MARCA_IDMARCA" NUMBER(*,0), 
	"CLIENTE_IDCLIENTE" VARCHAR2(16 BYTE), 
	"KILOMETRAJE" NUMBER(*,0)
   )   NO INMEMORY ;
REM INSERTING into AUTORACLE.CATEGORIA
SET DEFINE OFF;
Insert into AUTORACLE.CATEGORIA (IDCATEGORIA,NOMBRE) values ('21','Junta de la culata');
Insert into AUTORACLE.CATEGORIA (IDCATEGORIA,NOMBRE) values ('23','Turbo');
Insert into AUTORACLE.CATEGORIA (IDCATEGORIA,NOMBRE) values ('6','Aceite');
Insert into AUTORACLE.CATEGORIA (IDCATEGORIA,NOMBRE) values ('7','Suspensión');
Insert into AUTORACLE.CATEGORIA (IDCATEGORIA,NOMBRE) values ('8','Alineación');
Insert into AUTORACLE.CATEGORIA (IDCATEGORIA,NOMBRE) values ('9','Frenos');
Insert into AUTORACLE.CATEGORIA (IDCATEGORIA,NOMBRE) values ('10','Cinturones de seguridad');
Insert into AUTORACLE.CATEGORIA (IDCATEGORIA,NOMBRE) values ('11','Aire acondicionado');
Insert into AUTORACLE.CATEGORIA (IDCATEGORIA,NOMBRE) values ('12','Airbag');
Insert into AUTORACLE.CATEGORIA (IDCATEGORIA,NOMBRE) values ('13','Luna');
Insert into AUTORACLE.CATEGORIA (IDCATEGORIA,NOMBRE) values ('14','Escape');
Insert into AUTORACLE.CATEGORIA (IDCATEGORIA,NOMBRE) values ('15','Iluminacion');
Insert into AUTORACLE.CATEGORIA (IDCATEGORIA,NOMBRE) values ('16','Audio');
Insert into AUTORACLE.CATEGORIA (IDCATEGORIA,NOMBRE) values ('17','Llantas');
Insert into AUTORACLE.CATEGORIA (IDCATEGORIA,NOMBRE) values ('18','Transmision');
Insert into AUTORACLE.CATEGORIA (IDCATEGORIA,NOMBRE) values ('19','Refrigeracion');
Insert into AUTORACLE.CATEGORIA (IDCATEGORIA,NOMBRE) values ('100','Tapiceria');
Insert into AUTORACLE.CATEGORIA (IDCATEGORIA,NOMBRE) values ('101','Salpicadero');
Insert into AUTORACLE.CATEGORIA (IDCATEGORIA,NOMBRE) values ('1','Filtros');
Insert into AUTORACLE.CATEGORIA (IDCATEGORIA,NOMBRE) values ('2','Chapa');
Insert into AUTORACLE.CATEGORIA (IDCATEGORIA,NOMBRE) values ('3','Motor');
Insert into AUTORACLE.CATEGORIA (IDCATEGORIA,NOMBRE) values ('4','Electricidad');
Insert into AUTORACLE.CATEGORIA (IDCATEGORIA,NOMBRE) values ('5','Neumáticos');
Insert into AUTORACLE.CATEGORIA (IDCATEGORIA,NOMBRE) values ('20','Limpiaparabrisas');
Insert into AUTORACLE.CATEGORIA (IDCATEGORIA,NOMBRE) values ('22','Retrovisores');
REM INSERTING into AUTORACLE.CITA
SET DEFINE OFF;
Insert into AUTORACLE.CITA (IDCITA,FECHA_SOLICITUD,FECHA_CONCERTADA,CLIENTE_IDCLIENTE) values ('12',to_date('22/03/20','DD/MM/RR'),to_date('22/04/20','DD/MM/RR'),'12');
Insert into AUTORACLE.CITA (IDCITA,FECHA_SOLICITUD,FECHA_CONCERTADA,CLIENTE_IDCLIENTE) values ('13',to_date('25/04/22','DD/MM/RR'),to_date('04/05/20','DD/MM/RR'),'14');
Insert into AUTORACLE.CITA (IDCITA,FECHA_SOLICITUD,FECHA_CONCERTADA,CLIENTE_IDCLIENTE) values ('3',to_date('10/03/20','DD/MM/RR'),to_date('16/03/20','DD/MM/RR'),'16');
Insert into AUTORACLE.CITA (IDCITA,FECHA_SOLICITUD,FECHA_CONCERTADA,CLIENTE_IDCLIENTE) values ('1',to_date('10/02/20','DD/MM/RR'),to_date('17/02/20','DD/MM/RR'),'777');
Insert into AUTORACLE.CITA (IDCITA,FECHA_SOLICITUD,FECHA_CONCERTADA,CLIENTE_IDCLIENTE) values ('2',to_date('20/03/20','DD/MM/RR'),to_date('03/04/20','DD/MM/RR'),'2');
Insert into AUTORACLE.CITA (IDCITA,FECHA_SOLICITUD,FECHA_CONCERTADA,CLIENTE_IDCLIENTE) values ('4',to_date('29/02/20','DD/MM/RR'),to_date('03/03/20','DD/MM/RR'),'99');
Insert into AUTORACLE.CITA (IDCITA,FECHA_SOLICITUD,FECHA_CONCERTADA,CLIENTE_IDCLIENTE) values ('5',to_date('13/03/20','DD/MM/RR'),to_date('16/03/20','DD/MM/RR'),'123');
Insert into AUTORACLE.CITA (IDCITA,FECHA_SOLICITUD,FECHA_CONCERTADA,CLIENTE_IDCLIENTE) values ('6',to_date('10/03/20','DD/MM/RR'),to_date('13/03/20','DD/MM/RR'),'44');
Insert into AUTORACLE.CITA (IDCITA,FECHA_SOLICITUD,FECHA_CONCERTADA,CLIENTE_IDCLIENTE) values ('7',to_date('24/03/20','DD/MM/RR'),to_date('02/04/20','DD/MM/RR'),'111');
Insert into AUTORACLE.CITA (IDCITA,FECHA_SOLICITUD,FECHA_CONCERTADA,CLIENTE_IDCLIENTE) values ('8',to_date('25/03/20','DD/MM/RR'),to_date('06/04/20','DD/MM/RR'),'666');
Insert into AUTORACLE.CITA (IDCITA,FECHA_SOLICITUD,FECHA_CONCERTADA,CLIENTE_IDCLIENTE) values ('9',to_date('18/02/20','DD/MM/RR'),to_date('22/03/20','DD/MM/RR'),'22');
Insert into AUTORACLE.CITA (IDCITA,FECHA_SOLICITUD,FECHA_CONCERTADA,CLIENTE_IDCLIENTE) values ('10',to_date('13/03/20','DD/MM/RR'),to_date('11/04/20','DD/MM/RR'),'69');
Insert into AUTORACLE.CITA (IDCITA,FECHA_SOLICITUD,FECHA_CONCERTADA,CLIENTE_IDCLIENTE) values ('16',to_date('31/03/20','DD/MM/RR'),to_date('30/04/20','DD/MM/RR'),'909');
Insert into AUTORACLE.CITA (IDCITA,FECHA_SOLICITUD,FECHA_CONCERTADA,CLIENTE_IDCLIENTE) values ('11',to_date('18/03/20','DD/MM/RR'),to_date('19/04/20','DD/MM/RR'),'465');
Insert into AUTORACLE.CITA (IDCITA,FECHA_SOLICITUD,FECHA_CONCERTADA,CLIENTE_IDCLIENTE) values ('14',to_date('24/02/20','DD/MM/RR'),to_date('03/03/20','DD/MM/RR'),'0404');
Insert into AUTORACLE.CITA (IDCITA,FECHA_SOLICITUD,FECHA_CONCERTADA,CLIENTE_IDCLIENTE) values ('15',to_date('27/03/20','DD/MM/RR'),to_date('20/04/20','DD/MM/RR'),'42');
REM INSERTING into AUTORACLE.CLIENTE
SET DEFINE OFF;
Insert into AUTORACLE.CLIENTE (IDCLIENTE,TELEFONO,NOMBRE,APELLIDO1,APELLIDO2,EMAIL) values ('290','611765645','Pepe','Pepito','Pepon','pepe@pepon.es');
Insert into AUTORACLE.CLIENTE (IDCLIENTE,TELEFONO,NOMBRE,APELLIDO1,APELLIDO2,EMAIL) values ('200','678564565','Luis ','Barcenas',null,'luis@pp.es');
Insert into AUTORACLE.CLIENTE (IDCLIENTE,TELEFONO,NOMBRE,APELLIDO1,APELLIDO2,EMAIL) values ('300','666786754','Juan','Muñoz','Carrera','jmc@gmail.com');
Insert into AUTORACLE.CLIENTE (IDCLIENTE,TELEFONO,NOMBRE,APELLIDO1,APELLIDO2,EMAIL) values ('50','698765612','Ana Mari','Zapata','Camello','anamari@gmail.com');
Insert into AUTORACLE.CLIENTE (IDCLIENTE,TELEFONO,NOMBRE,APELLIDO1,APELLIDO2,EMAIL) values ('12','685394323','Julio','Fernandez','Dias','eljuli@gmail.com');
Insert into AUTORACLE.CLIENTE (IDCLIENTE,TELEFONO,NOMBRE,APELLIDO1,APELLIDO2,EMAIL) values ('14','659234002','David','Broncano','Aguilera','davidBronca@gmail.com');
Insert into AUTORACLE.CLIENTE (IDCLIENTE,TELEFONO,NOMBRE,APELLIDO1,APELLIDO2,EMAIL) values ('236','654768997','Peter','Griffin',null,'PeterG@Quahog.com');
Insert into AUTORACLE.CLIENTE (IDCLIENTE,TELEFONO,NOMBRE,APELLIDO1,APELLIDO2,EMAIL) values ('789','789456123','Homer','Simpson',null,'simpsonh@spr.apu');
Insert into AUTORACLE.CLIENTE (IDCLIENTE,TELEFONO,NOMBRE,APELLIDO1,APELLIDO2,EMAIL) values ('16','777161011','Brandon','Sanderson',null,'sanderson@cosmere.god');
Insert into AUTORACLE.CLIENTE (IDCLIENTE,TELEFONO,NOMBRE,APELLIDO1,APELLIDO2,EMAIL) values ('2222','666666666','María','García','Sánchez','maria@gmail.com');
Insert into AUTORACLE.CLIENTE (IDCLIENTE,TELEFONO,NOMBRE,APELLIDO1,APELLIDO2,EMAIL) values ('777','648246880','Samuel','de Luque','Batuecas','samu@ytmail.com');
Insert into AUTORACLE.CLIENTE (IDCLIENTE,TELEFONO,NOMBRE,APELLIDO1,APELLIDO2,EMAIL) values ('545','711720845','Guillermo','Diaz','Ibañez','willy@ytmail.com');
Insert into AUTORACLE.CLIENTE (IDCLIENTE,TELEFONO,NOMBRE,APELLIDO1,APELLIDO2,EMAIL) values ('420','675850648','Santiago','Abascal','Conde','santi@vox.es');
Insert into AUTORACLE.CLIENTE (IDCLIENTE,TELEFONO,NOMBRE,APELLIDO1,APELLIDO2,EMAIL) values ('2','684384384','Pablo','Iglesias','Turrón','iglesias@galapagar.es');
Insert into AUTORACLE.CLIENTE (IDCLIENTE,TELEFONO,NOMBRE,APELLIDO1,APELLIDO2,EMAIL) values ('3','686486878','Leticia','Trolera',null,'leticia@gmail.com');
Insert into AUTORACLE.CLIENTE (IDCLIENTE,TELEFONO,NOMBRE,APELLIDO1,APELLIDO2,EMAIL) values ('123','635571927','Juan','Cantero','Ruiz','juancr@gmail.com');
Insert into AUTORACLE.CLIENTE (IDCLIENTE,TELEFONO,NOMBRE,APELLIDO1,APELLIDO2,EMAIL) values ('99','645187931','Marta','López','Vega','marlove@gmail.com');
Insert into AUTORACLE.CLIENTE (IDCLIENTE,TELEFONO,NOMBRE,APELLIDO1,APELLIDO2,EMAIL) values ('44','688098987','Maria','Sanchez','perez','maria@gmail.com');
Insert into AUTORACLE.CLIENTE (IDCLIENTE,TELEFONO,NOMBRE,APELLIDO1,APELLIDO2,EMAIL) values ('22','672341298','Pedro','Arenales','García','pedroAG@gmail.com');
Insert into AUTORACLE.CLIENTE (IDCLIENTE,TELEFONO,NOMBRE,APELLIDO1,APELLIDO2,EMAIL) values ('666','620181666','Elena','García','Castro','eleniita@gmail.com');
Insert into AUTORACLE.CLIENTE (IDCLIENTE,TELEFONO,NOMBRE,APELLIDO1,APELLIDO2,EMAIL) values ('13','644875236','Daniel','Algaba','Arcila','theemperor@hotmail.com');
Insert into AUTORACLE.CLIENTE (IDCLIENTE,TELEFONO,NOMBRE,APELLIDO1,APELLIDO2,EMAIL) values ('69','684872654','Joseph','Joestar',null,'theripple@hotmail.com');
Insert into AUTORACLE.CLIENTE (IDCLIENTE,TELEFONO,NOMBRE,APELLIDO1,APELLIDO2,EMAIL) values ('77','699677888','Elm','Cherto','Gallostra','sisplau@twitch.com');
Insert into AUTORACLE.CLIENTE (IDCLIENTE,TELEFONO,NOMBRE,APELLIDO1,APELLIDO2,EMAIL) values ('1234','606339427','Ramiro','Caceres','Murillo','ram@protonmail.com');
Insert into AUTORACLE.CLIENTE (IDCLIENTE,TELEFONO,NOMBRE,APELLIDO1,APELLIDO2,EMAIL) values ('909','678543210','Paco','ElTaco',null,'paquito@gmail.com');
Insert into AUTORACLE.CLIENTE (IDCLIENTE,TELEFONO,NOMBRE,APELLIDO1,APELLIDO2,EMAIL) values ('111','666555444','Victor','Mento',null,'vmento@ggm.com');
Insert into AUTORACLE.CLIENTE (IDCLIENTE,TELEFONO,NOMBRE,APELLIDO1,APELLIDO2,EMAIL) values ('222','654322111','Lola','Mento',null,'lola@sumail.com');
Insert into AUTORACLE.CLIENTE (IDCLIENTE,TELEFONO,NOMBRE,APELLIDO1,APELLIDO2,EMAIL) values ('375','678345237','Rigoberto','Gonzaga','Ramirez','rigogonra@yahoo.es');
Insert into AUTORACLE.CLIENTE (IDCLIENTE,TELEFONO,NOMBRE,APELLIDO1,APELLIDO2,EMAIL) values ('788','648234512','Marge','Simpson',null,null);
Insert into AUTORACLE.CLIENTE (IDCLIENTE,TELEFONO,NOMBRE,APELLIDO1,APELLIDO2,EMAIL) values ('790','648234512','Marge','Simpson',null,null);
Insert into AUTORACLE.CLIENTE (IDCLIENTE,TELEFONO,NOMBRE,APELLIDO1,APELLIDO2,EMAIL) values ('465','679825713','Juán','Romero','Soto','juanito@gmail.com');
Insert into AUTORACLE.CLIENTE (IDCLIENTE,TELEFONO,NOMBRE,APELLIDO1,APELLIDO2,EMAIL) values ('0404','687321002','Jaime','Pérez','Ramirez','JPR12@outloock.com');
Insert into AUTORACLE.CLIENTE (IDCLIENTE,TELEFONO,NOMBRE,APELLIDO1,APELLIDO2,EMAIL) values ('42','601256688','Bryan','Israel',null,'fpjudea@gmail.com');
Insert into AUTORACLE.CLIENTE (IDCLIENTE,TELEFONO,NOMBRE,APELLIDO1,APELLIDO2,EMAIL) values ('8','617802055','Lucia','Sanz','Perez','lucilu88@gmail.com');
Insert into AUTORACLE.CLIENTE (IDCLIENTE,TELEFONO,NOMBRE,APELLIDO1,APELLIDO2,EMAIL) values ('1','674342310','Rubén','Salazar','Castillo','rsc@gmail.com');
REM INSERTING into AUTORACLE.COMPATIBLE
SET DEFINE OFF;
Insert into AUTORACLE.COMPATIBLE (PIEZA_CODREF,MODELO_IDMODELO,MODELO_IDMARCA) values ('111240','28','5');
Insert into AUTORACLE.COMPATIBLE (PIEZA_CODREF,MODELO_IDMODELO,MODELO_IDMARCA) values ('111240','29','5');
Insert into AUTORACLE.COMPATIBLE (PIEZA_CODREF,MODELO_IDMODELO,MODELO_IDMARCA) values ('111241','28','5');
Insert into AUTORACLE.COMPATIBLE (PIEZA_CODREF,MODELO_IDMODELO,MODELO_IDMARCA) values ('111241','29','5');
Insert into AUTORACLE.COMPATIBLE (PIEZA_CODREF,MODELO_IDMODELO,MODELO_IDMARCA) values ('12345','14','12');
Insert into AUTORACLE.COMPATIBLE (PIEZA_CODREF,MODELO_IDMODELO,MODELO_IDMARCA) values ('12345','15','12');
Insert into AUTORACLE.COMPATIBLE (PIEZA_CODREF,MODELO_IDMODELO,MODELO_IDMARCA) values ('12345','16','14');
Insert into AUTORACLE.COMPATIBLE (PIEZA_CODREF,MODELO_IDMODELO,MODELO_IDMARCA) values ('12345','17','14');
Insert into AUTORACLE.COMPATIBLE (PIEZA_CODREF,MODELO_IDMODELO,MODELO_IDMARCA) values ('12345','18','15');
Insert into AUTORACLE.COMPATIBLE (PIEZA_CODREF,MODELO_IDMODELO,MODELO_IDMARCA) values ('12345','19','15');
Insert into AUTORACLE.COMPATIBLE (PIEZA_CODREF,MODELO_IDMODELO,MODELO_IDMARCA) values ('227562','22','3');
Insert into AUTORACLE.COMPATIBLE (PIEZA_CODREF,MODELO_IDMODELO,MODELO_IDMARCA) values ('234356','19','15');
Insert into AUTORACLE.COMPATIBLE (PIEZA_CODREF,MODELO_IDMODELO,MODELO_IDMARCA) values ('345676','16','14');
Insert into AUTORACLE.COMPATIBLE (PIEZA_CODREF,MODELO_IDMODELO,MODELO_IDMARCA) values ('89542','3','7');
REM INSERTING into AUTORACLE.COMPRA
SET DEFINE OFF;
Insert into AUTORACLE.COMPRA (IDCOMPRA,FECEMISION,PROVEEDOR_NIF,FECRECEPCION) values ('1',to_date('13/02/20','DD/MM/RR'),'c745269',to_date('16/02/20','DD/MM/RR'));
Insert into AUTORACLE.COMPRA (IDCOMPRA,FECEMISION,PROVEEDOR_NIF,FECRECEPCION) values ('2',to_date('19/02/20','DD/MM/RR'),'c123312',to_date('21/02/20','DD/MM/RR'));
Insert into AUTORACLE.COMPRA (IDCOMPRA,FECEMISION,PROVEEDOR_NIF,FECRECEPCION) values ('3',to_date('03/03/20','DD/MM/RR'),'c806764',to_date('06/03/20','DD/MM/RR'));
Insert into AUTORACLE.COMPRA (IDCOMPRA,FECEMISION,PROVEEDOR_NIF,FECRECEPCION) values ('4',to_date('20/03/20','DD/MM/RR'),'c564218',to_date('05/04/20','DD/MM/RR'));
Insert into AUTORACLE.COMPRA (IDCOMPRA,FECEMISION,PROVEEDOR_NIF,FECRECEPCION) values ('5',to_date('12/03/20','DD/MM/RR'),'a1234',to_date('20/03/20','DD/MM/RR'));
Insert into AUTORACLE.COMPRA (IDCOMPRA,FECEMISION,PROVEEDOR_NIF,FECRECEPCION) values ('6',to_date('23/03/20','DD/MM/RR'),'g456723',null);
Insert into AUTORACLE.COMPRA (IDCOMPRA,FECEMISION,PROVEEDOR_NIF,FECRECEPCION) values ('7',to_date('14/01/20','DD/MM/RR'),'t389544',to_date('04/02/20','DD/MM/RR'));
Insert into AUTORACLE.COMPRA (IDCOMPRA,FECEMISION,PROVEEDOR_NIF,FECRECEPCION) values ('8',to_date('24/03/20','DD/MM/RR'),'a1234',null);
Insert into AUTORACLE.COMPRA (IDCOMPRA,FECEMISION,PROVEEDOR_NIF,FECRECEPCION) values ('9',to_date('25/03/20','DD/MM/RR'),'mi20204',to_date('27/03/20','DD/MM/RR'));
Insert into AUTORACLE.COMPRA (IDCOMPRA,FECEMISION,PROVEEDOR_NIF,FECRECEPCION) values ('10',to_date('25/02/20','DD/MM/RR'),'c56984',to_date('26/06/20','DD/MM/RR'));
REM INSERTING into AUTORACLE.CONTIENE
SET DEFINE OFF;
Insert into AUTORACLE.CONTIENE (FACTURA_IDFACTURA,PIEZA_CODREF) values ('1','111234');
Insert into AUTORACLE.CONTIENE (FACTURA_IDFACTURA,PIEZA_CODREF) values ('1','111235');
Insert into AUTORACLE.CONTIENE (FACTURA_IDFACTURA,PIEZA_CODREF) values ('2','111236');
Insert into AUTORACLE.CONTIENE (FACTURA_IDFACTURA,PIEZA_CODREF) values ('2','12345');
Insert into AUTORACLE.CONTIENE (FACTURA_IDFACTURA,PIEZA_CODREF) values ('3','12345');
Insert into AUTORACLE.CONTIENE (FACTURA_IDFACTURA,PIEZA_CODREF) values ('5','111234');
Insert into AUTORACLE.CONTIENE (FACTURA_IDFACTURA,PIEZA_CODREF) values ('5','111235');
Insert into AUTORACLE.CONTIENE (FACTURA_IDFACTURA,PIEZA_CODREF) values ('20','227562');
REM INSERTING into AUTORACLE.EMPLEADO
SET DEFINE OFF;
Insert into AUTORACLE.EMPLEADO (IDEMPLEADO,NOMBRE,APELLIDO1,APELLIDO2,FECENTRADA,DESPEDIDO,SUELDOBASE,HORAS,PUESTO,RETENCIONES) values ('13','Juan','Bolsonaro',null,to_date('25/03/20','DD/MM/RR'),'0','2000','45','Administrativo','2');
Insert into AUTORACLE.EMPLEADO (IDEMPLEADO,NOMBRE,APELLIDO1,APELLIDO2,FECENTRADA,DESPEDIDO,SUELDOBASE,HORAS,PUESTO,RETENCIONES) values ('14','Magdalena','Rebollo','Hornada',to_date('12/02/20','DD/MM/RR'),'0','1345','40','Aux. Administrativo','1');
Insert into AUTORACLE.EMPLEADO (IDEMPLEADO,NOMBRE,APELLIDO1,APELLIDO2,FECENTRADA,DESPEDIDO,SUELDOBASE,HORAS,PUESTO,RETENCIONES) values ('15','Esperanza','Corona ','Vir',to_date('01/01/20','DD/MM/RR'),'0','1500','40','Mecanico',null);
Insert into AUTORACLE.EMPLEADO (IDEMPLEADO,NOMBRE,APELLIDO1,APELLIDO2,FECENTRADA,DESPEDIDO,SUELDOBASE,HORAS,PUESTO,RETENCIONES) values ('16','Jose','Rodriguez',null,to_date('24/01/20','DD/MM/RR'),'1','900','25','Asistente_Mecanica',null);
Insert into AUTORACLE.EMPLEADO (IDEMPLEADO,NOMBRE,APELLIDO1,APELLIDO2,FECENTRADA,DESPEDIDO,SUELDOBASE,HORAS,PUESTO,RETENCIONES) values ('117','Emiliano','Lopez','Martin',to_date('22/01/19','DD/MM/RR'),'0','900','40','Mecanico',null);
Insert into AUTORACLE.EMPLEADO (IDEMPLEADO,NOMBRE,APELLIDO1,APELLIDO2,FECENTRADA,DESPEDIDO,SUELDOBASE,HORAS,PUESTO,RETENCIONES) values ('23','Felipe','Sexto','Brobón',to_date('22/03/20','DD/MM/RR'),'1','1100','35','Administrativo',null);
Insert into AUTORACLE.EMPLEADO (IDEMPLEADO,NOMBRE,APELLIDO1,APELLIDO2,FECENTRADA,DESPEDIDO,SUELDOBASE,HORAS,PUESTO,RETENCIONES) values ('1','Enrique','Soler','Castillo',to_date('01/01/20','DD/MM/RR'),'0','1100','40',null,null);
Insert into AUTORACLE.EMPLEADO (IDEMPLEADO,NOMBRE,APELLIDO1,APELLIDO2,FECENTRADA,DESPEDIDO,SUELDOBASE,HORAS,PUESTO,RETENCIONES) values ('3','Ricardo','Diaz','Bartual',to_date('10/03/20','DD/MM/RR'),'0','975','40','Mecanico',null);
Insert into AUTORACLE.EMPLEADO (IDEMPLEADO,NOMBRE,APELLIDO1,APELLIDO2,FECENTRADA,DESPEDIDO,SUELDOBASE,HORAS,PUESTO,RETENCIONES) values ('4','Marina','Nunier','Osuna',to_date('03/02/20','DD/MM/RR'),'0','1050','40',null,null);
Insert into AUTORACLE.EMPLEADO (IDEMPLEADO,NOMBRE,APELLIDO1,APELLIDO2,FECENTRADA,DESPEDIDO,SUELDOBASE,HORAS,PUESTO,RETENCIONES) values ('5','Rosa','Hidalgo','Bujalance',to_date('02/03/20','DD/MM/RR'),'0','1095','40',null,null);
Insert into AUTORACLE.EMPLEADO (IDEMPLEADO,NOMBRE,APELLIDO1,APELLIDO2,FECENTRADA,DESPEDIDO,SUELDOBASE,HORAS,PUESTO,RETENCIONES) values ('6','Carmen','Lopez','Fernandez',to_date('20/03/20','DD/MM/RR'),'0','1000','40','recepcion',null);
Insert into AUTORACLE.EMPLEADO (IDEMPLEADO,NOMBRE,APELLIDO1,APELLIDO2,FECENTRADA,DESPEDIDO,SUELDOBASE,HORAS,PUESTO,RETENCIONES) values ('7','Lola','Sanchez','Pérez',to_date('12/02/20','DD/MM/RR'),'0','1150','40','Mecanico',null);
Insert into AUTORACLE.EMPLEADO (IDEMPLEADO,NOMBRE,APELLIDO1,APELLIDO2,FECENTRADA,DESPEDIDO,SUELDOBASE,HORAS,PUESTO,RETENCIONES) values ('8','Augusto','Abascal','Aceituno',to_date('05/07/19','DD/MM/RR'),'0','1125','40','Mecanico',null);
Insert into AUTORACLE.EMPLEADO (IDEMPLEADO,NOMBRE,APELLIDO1,APELLIDO2,FECENTRADA,DESPEDIDO,SUELDOBASE,HORAS,PUESTO,RETENCIONES) values ('9','Eduardo','Elric',null,to_date('10/04/18','DD/MM/RR'),'0','800','40','Asistente_Mecanica',null);
Insert into AUTORACLE.EMPLEADO (IDEMPLEADO,NOMBRE,APELLIDO1,APELLIDO2,FECENTRADA,DESPEDIDO,SUELDOBASE,HORAS,PUESTO,RETENCIONES) values ('10','Benito Antonio','Martinez','Ocasio',to_date('25/03/20','DD/MM/RR'),'0','2000','20','Gerente',null);
Insert into AUTORACLE.EMPLEADO (IDEMPLEADO,NOMBRE,APELLIDO1,APELLIDO2,FECENTRADA,DESPEDIDO,SUELDOBASE,HORAS,PUESTO,RETENCIONES) values ('17','Kobe','Bryant','Perez',to_date('28/03/20','DD/MM/RR'),'0','3500','7','CEO',null);
Insert into AUTORACLE.EMPLEADO (IDEMPLEADO,NOMBRE,APELLIDO1,APELLIDO2,FECENTRADA,DESPEDIDO,SUELDOBASE,HORAS,PUESTO,RETENCIONES) values ('11','Adafrasio','Urriaga','Sandemetrio',to_date('25/03/20','DD/MM/RR'),'0','1200','40','Mecanico',null);
Insert into AUTORACLE.EMPLEADO (IDEMPLEADO,NOMBRE,APELLIDO1,APELLIDO2,FECENTRADA,DESPEDIDO,SUELDOBASE,HORAS,PUESTO,RETENCIONES) values ('12','Abuelo','Simpson',null,to_date('25/03/20','DD/MM/RR'),'1','500','10','Mecanico',null);
Insert into AUTORACLE.EMPLEADO (IDEMPLEADO,NOMBRE,APELLIDO1,APELLIDO2,FECENTRADA,DESPEDIDO,SUELDOBASE,HORAS,PUESTO,RETENCIONES) values ('2552','Alberto','Molina','Pecado',to_date('01/01/20','DD/MM/RR'),'0','1200','35','Limpiador',null);
Insert into AUTORACLE.EMPLEADO (IDEMPLEADO,NOMBRE,APELLIDO1,APELLIDO2,FECENTRADA,DESPEDIDO,SUELDOBASE,HORAS,PUESTO,RETENCIONES) values ('42','David','Fistro','Pisto',to_date('20/02/20','DD/MM/RR'),'0','1530','40','Aux. Administrativo',null);
Insert into AUTORACLE.EMPLEADO (IDEMPLEADO,NOMBRE,APELLIDO1,APELLIDO2,FECENTRADA,DESPEDIDO,SUELDOBASE,HORAS,PUESTO,RETENCIONES) values ('140','Ahri','Aguayo','Sanz',to_date('28/03/20','DD/MM/RR'),'0','1800','40','Aux. Administrativo',null);
Insert into AUTORACLE.EMPLEADO (IDEMPLEADO,NOMBRE,APELLIDO1,APELLIDO2,FECENTRADA,DESPEDIDO,SUELDOBASE,HORAS,PUESTO,RETENCIONES) values ('2','Miguel','Molina','Martín',to_date('23/03/20','DD/MM/RR'),'0','1125','40',null,null);
REM INSERTING into AUTORACLE.EXAMEN
SET DEFINE OFF;
Insert into AUTORACLE.EXAMEN (ESTADO,CATEGORIA_IDCATEGORIA,MANTENIMIENTO_IDSERVICIO) values ('Averiada','7','221');
Insert into AUTORACLE.EXAMEN (ESTADO,CATEGORIA_IDCATEGORIA,MANTENIMIENTO_IDSERVICIO) values ('Rota','13','221');
Insert into AUTORACLE.EXAMEN (ESTADO,CATEGORIA_IDCATEGORIA,MANTENIMIENTO_IDSERVICIO) values ('Fallando','2','67');
Insert into AUTORACLE.EXAMEN (ESTADO,CATEGORIA_IDCATEGORIA,MANTENIMIENTO_IDSERVICIO) values ('Desgaste','4','23');
Insert into AUTORACLE.EXAMEN (ESTADO,CATEGORIA_IDCATEGORIA,MANTENIMIENTO_IDSERVICIO) values ('Cambio','6','23');
Insert into AUTORACLE.EXAMEN (ESTADO,CATEGORIA_IDCATEGORIA,MANTENIMIENTO_IDSERVICIO) values ('Fundida','15','23');
REM INSERTING into AUTORACLE.FACTURA
SET DEFINE OFF;
Insert into AUTORACLE.FACTURA (IDFACTURA,CLIENTE_IDCLIENTE,IVA,FECEMISION,DESCUENTO,EMPLEADO_IDEMPLEADO) values ('6','12','21',to_date('22/04/20','DD/MM/RR'),'0','8');
Insert into AUTORACLE.FACTURA (IDFACTURA,CLIENTE_IDCLIENTE,IVA,FECEMISION,DESCUENTO,EMPLEADO_IDEMPLEADO) values ('20','777','21',to_date('17/02/20','DD/MM/RR'),'0','1');
Insert into AUTORACLE.FACTURA (IDFACTURA,CLIENTE_IDCLIENTE,IVA,FECEMISION,DESCUENTO,EMPLEADO_IDEMPLEADO) values ('1','123','21',to_date('21/02/20','DD/MM/RR'),'0','2');
Insert into AUTORACLE.FACTURA (IDFACTURA,CLIENTE_IDCLIENTE,IVA,FECEMISION,DESCUENTO,EMPLEADO_IDEMPLEADO) values ('2','545','21',to_date('26/02/20','DD/MM/RR'),'0','3');
Insert into AUTORACLE.FACTURA (IDFACTURA,CLIENTE_IDCLIENTE,IVA,FECEMISION,DESCUENTO,EMPLEADO_IDEMPLEADO) values ('3','22','21',to_date('12/03/20','DD/MM/RR'),'0','5');
Insert into AUTORACLE.FACTURA (IDFACTURA,CLIENTE_IDCLIENTE,IVA,FECEMISION,DESCUENTO,EMPLEADO_IDEMPLEADO) values ('5','44','21',to_date('12/02/20','DD/MM/RR'),'0','6');
Insert into AUTORACLE.FACTURA (IDFACTURA,CLIENTE_IDCLIENTE,IVA,FECEMISION,DESCUENTO,EMPLEADO_IDEMPLEADO) values ('243','0404','21',to_date('03/03/20','DD/MM/RR'),'10','1');
Insert into AUTORACLE.FACTURA (IDFACTURA,CLIENTE_IDCLIENTE,IVA,FECEMISION,DESCUENTO,EMPLEADO_IDEMPLEADO) values ('8','8','21',to_date('12/04/20','DD/MM/RR'),'30','140');
REM INSERTING into AUTORACLE.LOTE
SET DEFINE OFF;
Insert into AUTORACLE.LOTE ("NÚMERO_DE_PIEZAS",PIEZA_CODREF,COMPRA_IDCOMPRA,IVA) values ('15','1234','3','21');
Insert into AUTORACLE.LOTE ("NÚMERO_DE_PIEZAS",PIEZA_CODREF,COMPRA_IDCOMPRA,IVA) values ('5','227562','1','21');
Insert into AUTORACLE.LOTE ("NÚMERO_DE_PIEZAS",PIEZA_CODREF,COMPRA_IDCOMPRA,IVA) values ('10','12345','4','21');
Insert into AUTORACLE.LOTE ("NÚMERO_DE_PIEZAS",PIEZA_CODREF,COMPRA_IDCOMPRA,IVA) values ('8','111235','2','21');
REM INSERTING into AUTORACLE.MANTENIMIENTO
SET DEFINE OFF;
Insert into AUTORACLE.MANTENIMIENTO (IDSERVICIO,FECPROXREVISION) values ('221',to_date('17/02/21','DD/MM/RR'));
Insert into AUTORACLE.MANTENIMIENTO (IDSERVICIO,FECPROXREVISION) values ('12',to_date('18/10/20','DD/MM/RR'));
Insert into AUTORACLE.MANTENIMIENTO (IDSERVICIO,FECPROXREVISION) values ('23',to_date('23/03/21','DD/MM/RR'));
Insert into AUTORACLE.MANTENIMIENTO (IDSERVICIO,FECPROXREVISION) values ('67',to_date('23/09/20','DD/MM/RR'));
REM INSERTING into AUTORACLE.MARCA
SET DEFINE OFF;
Insert into AUTORACLE.MARCA (IDMARCA,NOMBRE,PRECIOHORA) values ('18','Fiat','35');
Insert into AUTORACLE.MARCA (IDMARCA,NOMBRE,PRECIOHORA) values ('13','Ford','35');
Insert into AUTORACLE.MARCA (IDMARCA,NOMBRE,PRECIOHORA) values ('16','Jeep','50');
Insert into AUTORACLE.MARCA (IDMARCA,NOMBRE,PRECIOHORA) values ('21','Kia','20');
Insert into AUTORACLE.MARCA (IDMARCA,NOMBRE,PRECIOHORA) values ('22','Mitsubishi','30');
Insert into AUTORACLE.MARCA (IDMARCA,NOMBRE,PRECIOHORA) values ('23','Volvo','45');
Insert into AUTORACLE.MARCA (IDMARCA,NOMBRE,PRECIOHORA) values ('24','Skoda','25');
Insert into AUTORACLE.MARCA (IDMARCA,NOMBRE,PRECIOHORA) values ('25','Tesla','75');
Insert into AUTORACLE.MARCA (IDMARCA,NOMBRE,PRECIOHORA) values ('77','Audi','61');
Insert into AUTORACLE.MARCA (IDMARCA,NOMBRE,PRECIOHORA) values ('5','BMW','100');
Insert into AUTORACLE.MARCA (IDMARCA,NOMBRE,PRECIOHORA) values ('6','Honda','35');
Insert into AUTORACLE.MARCA (IDMARCA,NOMBRE,PRECIOHORA) values ('7','Dacia','5');
Insert into AUTORACLE.MARCA (IDMARCA,NOMBRE,PRECIOHORA) values ('8','Chrysler','30');
Insert into AUTORACLE.MARCA (IDMARCA,NOMBRE,PRECIOHORA) values ('9','Volkswagen','25');
Insert into AUTORACLE.MARCA (IDMARCA,NOMBRE,PRECIOHORA) values ('10','Hyundai','50');
Insert into AUTORACLE.MARCA (IDMARCA,NOMBRE,PRECIOHORA) values ('11','Mercedes','110');
Insert into AUTORACLE.MARCA (IDMARCA,NOMBRE,PRECIOHORA) values ('4','Hurtan','25');
Insert into AUTORACLE.MARCA (IDMARCA,NOMBRE,PRECIOHORA) values ('19','Peugeot','30');
Insert into AUTORACLE.MARCA (IDMARCA,NOMBRE,PRECIOHORA) values ('12','Alfa Romeo','45');
Insert into AUTORACLE.MARCA (IDMARCA,NOMBRE,PRECIOHORA) values ('14','Reanult','35');
Insert into AUTORACLE.MARCA (IDMARCA,NOMBRE,PRECIOHORA) values ('15','Toyota','40');
Insert into AUTORACLE.MARCA (IDMARCA,NOMBRE,PRECIOHORA) values ('78','Lamborghini','350');
Insert into AUTORACLE.MARCA (IDMARCA,NOMBRE,PRECIOHORA) values ('1100','Cadillac','85');
Insert into AUTORACLE.MARCA (IDMARCA,NOMBRE,PRECIOHORA) values ('101','Aston Martin','125');
Insert into AUTORACLE.MARCA (IDMARCA,NOMBRE,PRECIOHORA) values ('1','Opel','40');
Insert into AUTORACLE.MARCA (IDMARCA,NOMBRE,PRECIOHORA) values ('2','Seat','40');
Insert into AUTORACLE.MARCA (IDMARCA,NOMBRE,PRECIOHORA) values ('3','Ferrari','200');
Insert into AUTORACLE.MARCA (IDMARCA,NOMBRE,PRECIOHORA) values ('20','Citroen','10');
REM INSERTING into AUTORACLE.MODELO
SET DEFINE OFF;
Insert into AUTORACLE.MODELO (IDMODELO,MARCA_IDMARCA,NOMBRE,NUMPUERTAS,COMBUSTIBLE,CAPACMALETERO) values ('14','12','Giulia','5','Gasolina','400');
Insert into AUTORACLE.MODELO (IDMODELO,MARCA_IDMARCA,NOMBRE,NUMPUERTAS,COMBUSTIBLE,CAPACMALETERO) values ('15','12','Giulietta quadrifoglio','3','Gasolina','300');
Insert into AUTORACLE.MODELO (IDMODELO,MARCA_IDMARCA,NOMBRE,NUMPUERTAS,COMBUSTIBLE,CAPACMALETERO) values ('16','14','Megane','5','Diesel','350');
Insert into AUTORACLE.MODELO (IDMODELO,MARCA_IDMARCA,NOMBRE,NUMPUERTAS,COMBUSTIBLE,CAPACMALETERO) values ('17','14','Clio','3','Diesel','200');
Insert into AUTORACLE.MODELO (IDMODELO,MARCA_IDMARCA,NOMBRE,NUMPUERTAS,COMBUSTIBLE,CAPACMALETERO) values ('18','15','Auris','5','Gasolina','350');
Insert into AUTORACLE.MODELO (IDMODELO,MARCA_IDMARCA,NOMBRE,NUMPUERTAS,COMBUSTIBLE,CAPACMALETERO) values ('19','15','Yaris','3','Gasolina','199');
Insert into AUTORACLE.MODELO (IDMODELO,MARCA_IDMARCA,NOMBRE,NUMPUERTAS,COMBUSTIBLE,CAPACMALETERO) values ('20','19','207','3','Diesel','205');
Insert into AUTORACLE.MODELO (IDMODELO,MARCA_IDMARCA,NOMBRE,NUMPUERTAS,COMBUSTIBLE,CAPACMALETERO) values ('21','19','308','5','Diesel','350');
Insert into AUTORACLE.MODELO (IDMODELO,MARCA_IDMARCA,NOMBRE,NUMPUERTAS,COMBUSTIBLE,CAPACMALETERO) values ('26','24','Fabia','5','Diesel','250');
Insert into AUTORACLE.MODELO (IDMODELO,MARCA_IDMARCA,NOMBRE,NUMPUERTAS,COMBUSTIBLE,CAPACMALETERO) values ('27','25','Model 3','5','Electrico','300');
Insert into AUTORACLE.MODELO (IDMODELO,MARCA_IDMARCA,NOMBRE,NUMPUERTAS,COMBUSTIBLE,CAPACMALETERO) values ('69','1','Astra gtc','3','Diesel','360');
Insert into AUTORACLE.MODELO (IDMODELO,MARCA_IDMARCA,NOMBRE,NUMPUERTAS,COMBUSTIBLE,CAPACMALETERO) values ('77','77','A3','5','Gasolina','320');
Insert into AUTORACLE.MODELO (IDMODELO,MARCA_IDMARCA,NOMBRE,NUMPUERTAS,COMBUSTIBLE,CAPACMALETERO) values ('1234','19','206','5','Diesel','200');
Insert into AUTORACLE.MODELO (IDMODELO,MARCA_IDMARCA,NOMBRE,NUMPUERTAS,COMBUSTIBLE,CAPACMALETERO) values ('1233','1','Crossland X','5','Diesel','420');
Insert into AUTORACLE.MODELO (IDMODELO,MARCA_IDMARCA,NOMBRE,NUMPUERTAS,COMBUSTIBLE,CAPACMALETERO) values ('33','5','M8 Coupe','3','Gasolina','420');
Insert into AUTORACLE.MODELO (IDMODELO,MARCA_IDMARCA,NOMBRE,NUMPUERTAS,COMBUSTIBLE,CAPACMALETERO) values ('22','3','812 Superfast','3','Gasolina',null);
Insert into AUTORACLE.MODELO (IDMODELO,MARCA_IDMARCA,NOMBRE,NUMPUERTAS,COMBUSTIBLE,CAPACMALETERO) values ('3','7','Sandero','5','Gasolina','300');
Insert into AUTORACLE.MODELO (IDMODELO,MARCA_IDMARCA,NOMBRE,NUMPUERTAS,COMBUSTIBLE,CAPACMALETERO) values ('4','7','Duster','5','Diesel','280');
Insert into AUTORACLE.MODELO (IDMODELO,MARCA_IDMARCA,NOMBRE,NUMPUERTAS,COMBUSTIBLE,CAPACMALETERO) values ('5','2','Ibiza','5','Gasolina','200');
Insert into AUTORACLE.MODELO (IDMODELO,MARCA_IDMARCA,NOMBRE,NUMPUERTAS,COMBUSTIBLE,CAPACMALETERO) values ('6','2','Cordoba','5','Gasolina','185');
Insert into AUTORACLE.MODELO (IDMODELO,MARCA_IDMARCA,NOMBRE,NUMPUERTAS,COMBUSTIBLE,CAPACMALETERO) values ('7','2','Panda','3','Gasolina','75');
Insert into AUTORACLE.MODELO (IDMODELO,MARCA_IDMARCA,NOMBRE,NUMPUERTAS,COMBUSTIBLE,CAPACMALETERO) values ('8','1','Astra','4','Gasolina','350');
Insert into AUTORACLE.MODELO (IDMODELO,MARCA_IDMARCA,NOMBRE,NUMPUERTAS,COMBUSTIBLE,CAPACMALETERO) values ('9','9','Passat','5','Diesel','400');
Insert into AUTORACLE.MODELO (IDMODELO,MARCA_IDMARCA,NOMBRE,NUMPUERTAS,COMBUSTIBLE,CAPACMALETERO) values ('10','8','Voyager','5','Diesel','350');
Insert into AUTORACLE.MODELO (IDMODELO,MARCA_IDMARCA,NOMBRE,NUMPUERTAS,COMBUSTIBLE,CAPACMALETERO) values ('11','10','i10','5','Gasolina','152');
Insert into AUTORACLE.MODELO (IDMODELO,MARCA_IDMARCA,NOMBRE,NUMPUERTAS,COMBUSTIBLE,CAPACMALETERO) values ('12','11','CDI ELEGANCE','5','Diesel','150');
Insert into AUTORACLE.MODELO (IDMODELO,MARCA_IDMARCA,NOMBRE,NUMPUERTAS,COMBUSTIBLE,CAPACMALETERO) values ('13','11','Velantur','2','Diesel','250');
Insert into AUTORACLE.MODELO (IDMODELO,MARCA_IDMARCA,NOMBRE,NUMPUERTAS,COMBUSTIBLE,CAPACMALETERO) values ('78','78','Huracan','3','Gasolina','100');
Insert into AUTORACLE.MODELO (IDMODELO,MARCA_IDMARCA,NOMBRE,NUMPUERTAS,COMBUSTIBLE,CAPACMALETERO) values ('1','1','Corsa 3p','3','Gasolina','300');
Insert into AUTORACLE.MODELO (IDMODELO,MARCA_IDMARCA,NOMBRE,NUMPUERTAS,COMBUSTIBLE,CAPACMALETERO) values ('2','2','Leon','5',null,null);
Insert into AUTORACLE.MODELO (IDMODELO,MARCA_IDMARCA,NOMBRE,NUMPUERTAS,COMBUSTIBLE,CAPACMALETERO) values ('32','20','C3','5','Diesel','410');
Insert into AUTORACLE.MODELO (IDMODELO,MARCA_IDMARCA,NOMBRE,NUMPUERTAS,COMBUSTIBLE,CAPACMALETERO) values ('28','5','Serie1 118i','5','Gasolina','380');
Insert into AUTORACLE.MODELO (IDMODELO,MARCA_IDMARCA,NOMBRE,NUMPUERTAS,COMBUSTIBLE,CAPACMALETERO) values ('29','5','Serie2 220d Gran Coupe','5','Diesel','430');
Insert into AUTORACLE.MODELO (IDMODELO,MARCA_IDMARCA,NOMBRE,NUMPUERTAS,COMBUSTIBLE,CAPACMALETERO) values ('30','16','Wrangler','3','Diesel','100');
Insert into AUTORACLE.MODELO (IDMODELO,MARCA_IDMARCA,NOMBRE,NUMPUERTAS,COMBUSTIBLE,CAPACMALETERO) values ('31','16','Compass','5','Gasolina','230');
REM INSERTING into AUTORACLE.PIEZA
SET DEFINE OFF;
Insert into AUTORACLE.PIEZA (CODREF,NOMBRE,PRECIOUNIDADVENTA,PRECIOUNIDADCOMPRA,CANTIDAD,FECCADUCIDAD,PROVEEDOR_NIF) values ('123498','Espejo derecho Pugeot 207','65','50','2',null,'c745269');
Insert into AUTORACLE.PIEZA (CODREF,NOMBRE,PRECIOUNIDADVENTA,PRECIOUNIDADCOMPRA,CANTIDAD,FECCADUCIDAD,PROVEEDOR_NIF) values ('123499','Espejo izquierdo Peugeot 207','65','50','2',null,'c745269');
Insert into AUTORACLE.PIEZA (CODREF,NOMBRE,PRECIOUNIDADVENTA,PRECIOUNIDADCOMPRA,CANTIDAD,FECCADUCIDAD,PROVEEDOR_NIF) values ('345676','Bomba Agua Clio','120','80','4',null,'t389544');
Insert into AUTORACLE.PIEZA (CODREF,NOMBRE,PRECIOUNIDADVENTA,PRECIOUNIDADCOMPRA,CANTIDAD,FECCADUCIDAD,PROVEEDOR_NIF) values ('234356','Injector Auris','180','150','8',null,'c564218');
Insert into AUTORACLE.PIEZA (CODREF,NOMBRE,PRECIOUNIDADVENTA,PRECIOUNIDADCOMPRA,CANTIDAD,FECCADUCIDAD,PROVEEDOR_NIF) values ('1234','Embrague','1200','800','5',null,'a1234');
Insert into AUTORACLE.PIEZA (CODREF,NOMBRE,PRECIOUNIDADVENTA,PRECIOUNIDADCOMPRA,CANTIDAD,FECCADUCIDAD,PROVEEDOR_NIF) values ('111242','Motor','1300','840','5',null,'a1234');
Insert into AUTORACLE.PIEZA (CODREF,NOMBRE,PRECIOUNIDADVENTA,PRECIOUNIDADCOMPRA,CANTIDAD,FECCADUCIDAD,PROVEEDOR_NIF) values ('227562','Suspension 812 Superfast','200','150','10',null,'c745269');
Insert into AUTORACLE.PIEZA (CODREF,NOMBRE,PRECIOUNIDADVENTA,PRECIOUNIDADCOMPRA,CANTIDAD,FECCADUCIDAD,PROVEEDOR_NIF) values ('111236','Amortiguador delantero opel astra','200','150','15',null,'c123312');
Insert into AUTORACLE.PIEZA (CODREF,NOMBRE,PRECIOUNIDADVENTA,PRECIOUNIDADCOMPRA,CANTIDAD,FECCADUCIDAD,PROVEEDOR_NIF) values ('12345','pastilla de freno delantera','100','50','20',null,'a1234');
Insert into AUTORACLE.PIEZA (CODREF,NOMBRE,PRECIOUNIDADVENTA,PRECIOUNIDADCOMPRA,CANTIDAD,FECCADUCIDAD,PROVEEDOR_NIF) values ('12326','Filtro de aceite','10','5','60',null,'t389544');
Insert into AUTORACLE.PIEZA (CODREF,NOMBRE,PRECIOUNIDADVENTA,PRECIOUNIDADCOMPRA,CANTIDAD,FECCADUCIDAD,PROVEEDOR_NIF) values ('89542','Caja de cambio','400','200','12',null,'c564218');
Insert into AUTORACLE.PIEZA (CODREF,NOMBRE,PRECIOUNIDADVENTA,PRECIOUNIDADCOMPRA,CANTIDAD,FECCADUCIDAD,PROVEEDOR_NIF) values ('15548','Luna Trasera Hyundai Matrix','400','200','12',null,'t389544');
Insert into AUTORACLE.PIEZA (CODREF,NOMBRE,PRECIOUNIDADVENTA,PRECIOUNIDADCOMPRA,CANTIDAD,FECCADUCIDAD,PROVEEDOR_NIF) values ('15547','Luna Delantera Hyundai Matrix','300','150','14',null,'t389544');
Insert into AUTORACLE.PIEZA (CODREF,NOMBRE,PRECIOUNIDADVENTA,PRECIOUNIDADCOMPRA,CANTIDAD,FECCADUCIDAD,PROVEEDOR_NIF) values ('111234','Faro delantero dercho opel Corsa','100','50','20',null,'c123312');
Insert into AUTORACLE.PIEZA (CODREF,NOMBRE,PRECIOUNIDADVENTA,PRECIOUNIDADCOMPRA,CANTIDAD,FECCADUCIDAD,PROVEEDOR_NIF) values ('111235','Faro delantero izdo opel Corsa','100','49','20',null,'c123312');
Insert into AUTORACLE.PIEZA (CODREF,NOMBRE,PRECIOUNIDADVENTA,PRECIOUNIDADCOMPRA,CANTIDAD,FECCADUCIDAD,PROVEEDOR_NIF) values ('ma55129','Tubo de escape Modelo golf','120','80','8',null,'c745269');
Insert into AUTORACLE.PIEZA (CODREF,NOMBRE,PRECIOUNIDADVENTA,PRECIOUNIDADCOMPRA,CANTIDAD,FECCADUCIDAD,PROVEEDOR_NIF) values ('111238','Neumatico tubeless Jeep Wrangler','112','70','8',null,'c56984');
Insert into AUTORACLE.PIEZA (CODREF,NOMBRE,PRECIOUNIDADVENTA,PRECIOUNIDADCOMPRA,CANTIDAD,FECCADUCIDAD,PROVEEDOR_NIF) values ('111239','Neumatico Invierno Jeep Compass','196','145','8',null,'c56984');
Insert into AUTORACLE.PIEZA (CODREF,NOMBRE,PRECIOUNIDADVENTA,PRECIOUNIDADCOMPRA,CANTIDAD,FECCADUCIDAD,PROVEEDOR_NIF) values ('111240','Aceite de motor BMW Turbo Silver','45','30','4',null,'mi20204');
Insert into AUTORACLE.PIEZA (CODREF,NOMBRE,PRECIOUNIDADVENTA,PRECIOUNIDADCOMPRA,CANTIDAD,FECCADUCIDAD,PROVEEDOR_NIF) values ('111241','Aceite de motor BMW Turbo Gold','60','40','4',null,'mi20204');
Insert into AUTORACLE.PIEZA (CODREF,NOMBRE,PRECIOUNIDADVENTA,PRECIOUNIDADCOMPRA,CANTIDAD,FECCADUCIDAD,PROVEEDOR_NIF) values ('123444','Volante Peugeot 207','300','250','3',null,'c745269');
REM INSERTING into AUTORACLE.PROVEE
SET DEFINE OFF;
Insert into AUTORACLE.PROVEE (PROVEEDOR_NIF,PIEZA_CODREF) values ('c123312','111234');
Insert into AUTORACLE.PROVEE (PROVEEDOR_NIF,PIEZA_CODREF) values ('c123312','111235');
Insert into AUTORACLE.PROVEE (PROVEEDOR_NIF,PIEZA_CODREF) values ('c564218','89542');
Insert into AUTORACLE.PROVEE (PROVEEDOR_NIF,PIEZA_CODREF) values ('c56984','111238');
Insert into AUTORACLE.PROVEE (PROVEEDOR_NIF,PIEZA_CODREF) values ('c56984','111239');
Insert into AUTORACLE.PROVEE (PROVEEDOR_NIF,PIEZA_CODREF) values ('c745269','227562');
Insert into AUTORACLE.PROVEE (PROVEEDOR_NIF,PIEZA_CODREF) values ('g456723','123498');
Insert into AUTORACLE.PROVEE (PROVEEDOR_NIF,PIEZA_CODREF) values ('g456723','123499');
Insert into AUTORACLE.PROVEE (PROVEEDOR_NIF,PIEZA_CODREF) values ('mi20204','111240');
Insert into AUTORACLE.PROVEE (PROVEEDOR_NIF,PIEZA_CODREF) values ('mi20204','111241');
Insert into AUTORACLE.PROVEE (PROVEEDOR_NIF,PIEZA_CODREF) values ('t389544','12326');
REM INSERTING into AUTORACLE.PROVEEDOR
SET DEFINE OFF;
Insert into AUTORACLE.PROVEEDOR (NIF,TELEFONO,NOMBRE,EMAIL,DIRECCION,CODPOSTAL,WEB) values ('c258537','655758595','Ibáñez S.L.','mortadelo@filemon.es','13, Rue del Percebe','29713','mortadelo-filemon.es');
Insert into AUTORACLE.PROVEEDOR (NIF,TELEFONO,NOMBRE,EMAIL,DIRECCION,CODPOSTAL,WEB) values ('t82832','942321234','Open Chasis S.L','chasisabiertos@mas.com','C/ España 32','29008','chasisaunmasabiertos.cha');
Insert into AUTORACLE.PROVEEDOR (NIF,TELEFONO,NOMBRE,EMAIL,DIRECCION,CODPOSTAL,WEB) values ('c745269','9018523','Caballo S.L.','ventas@caballo.xyz',null,null,'caballo.xyz');
Insert into AUTORACLE.PROVEEDOR (NIF,TELEFONO,NOMBRE,EMAIL,DIRECCION,CODPOSTAL,WEB) values ('c806764','7550822','Residente S.L','ingenio@lmao.com','C/ 13',null,'residente.xxx');
Insert into AUTORACLE.PROVEEDOR (NIF,TELEFONO,NOMBRE,EMAIL,DIRECCION,CODPOSTAL,WEB) values ('c4568731','353040036','Criss S.L','cristi3009@hotmail.es','C/Alameda 23','29006','gatita.es');
Insert into AUTORACLE.PROVEEDOR (NIF,TELEFONO,NOMBRE,EMAIL,DIRECCION,CODPOSTAL,WEB) values ('a1234','676565432','Union S.L','info@union.es','Avenida Velazquez 20','29004','union.es');
Insert into AUTORACLE.PROVEEDOR (NIF,TELEFONO,NOMBRE,EMAIL,DIRECCION,CODPOSTAL,WEB) values ('c564218','731895467','Costa del Sol','costaSol@gmail.com','c/Horacio lengo 45','29006','CostaDelSol.com');
Insert into AUTORACLE.PROVEEDOR (NIF,TELEFONO,NOMBRE,EMAIL,DIRECCION,CODPOSTAL,WEB) values ('t389544','951454721','Porrazos S.A.','porrazos@prz.es','C/Marqués de Larios 8','29018','porrazosymas.com');
Insert into AUTORACLE.PROVEEDOR (NIF,TELEFONO,NOMBRE,EMAIL,DIRECCION,CODPOSTAL,WEB) values ('a123456','542368956','CocheListo S:L','cochelisto@sol.es','Av. Novigrado','29601','cochelisto.com');
Insert into AUTORACLE.PROVEEDOR (NIF,TELEFONO,NOMBRE,EMAIL,DIRECCION,CODPOSTAL,WEB) values ('c123312','9524567','Rompetechos S.A.','info@rompetechos.es',null,null,null);
Insert into AUTORACLE.PROVEEDOR (NIF,TELEFONO,NOMBRE,EMAIL,DIRECCION,CODPOSTAL,WEB) values ('g456723','987653456','Uno mas S.A.','info@unomas.es','C/ accidentada','29876','unomas.es');
Insert into AUTORACLE.PROVEEDOR (NIF,TELEFONO,NOMBRE,EMAIL,DIRECCION,CODPOSTAL,WEB) values ('c521556','952150978','Para El Arrastre S. A.','para@arrastre.es','C/ Suertudos 42','29012','pararrastranos.es');
Insert into AUTORACLE.PROVEEDOR (NIF,TELEFONO,NOMBRE,EMAIL,DIRECCION,CODPOSTAL,WEB) values ('ma55129','952793856','Coronavirus S.L','pandemia2020@gmail.com','C/ Todo el mundo 22','29010','coronavirusAllwaysWin.es');
Insert into AUTORACLE.PROVEEDOR (NIF,TELEFONO,NOMBRE,EMAIL,DIRECCION,CODPOSTAL,WEB) values ('mi20204','952745984','Midas S.L','midas@rec.com','C/Ferrocarril 56','29065','midas.com');
Insert into AUTORACLE.PROVEEDOR (NIF,TELEFONO,NOMBRE,EMAIL,DIRECCION,CODPOSTAL,WEB) values ('c56984','952365698','N.Ambrosio S.A','info@ambrosio.es','C/Felipe II','29056','Nambrosio.es');
REM INSERTING into AUTORACLE.REPARACION
SET DEFINE OFF;
Insert into AUTORACLE.REPARACION (IDSERVICIO,MOTIVO,HORAS) values ('221','Muelle Rajado','4');
Insert into AUTORACLE.REPARACION (IDSERVICIO,MOTIVO,HORAS) values ('12','Frenos Inutilizados','3');
Insert into AUTORACLE.REPARACION (IDSERVICIO,MOTIVO,HORAS) values ('18','Gripado motor','16');
Insert into AUTORACLE.REPARACION (IDSERVICIO,MOTIVO,HORAS) values ('45','Accidente','0');
REM INSERTING into AUTORACLE.REQUIERE
SET DEFINE OFF;
REM INSERTING into AUTORACLE.SERVICIO
SET DEFINE OFF;
Insert into AUTORACLE.SERVICIO (IDSERVICIO,ESTADO,FECAPERTURA,FECRECEPCION,FECREALIZACION,OBSCHAPA,VEHICULO_NUMBASTIDOR,EFECTIVIDAD) values ('221','Reparar',to_date('10/02/20','DD/MM/RR'),to_date('10/02/20','DD/MM/RR'),to_date('16/02/20','DD/MM/RR'),'Correcta','4658464',null);
Insert into AUTORACLE.SERVICIO (IDSERVICIO,ESTADO,FECAPERTURA,FECRECEPCION,FECREALIZACION,OBSCHAPA,VEHICULO_NUMBASTIDOR,EFECTIVIDAD) values ('12','Reparar',to_date('10/03/20','DD/MM/RR'),to_date('11/03/20','DD/MM/RR'),to_date('11/03/20','DD/MM/RR'),'correcta','234321',null);
Insert into AUTORACLE.SERVICIO (IDSERVICIO,ESTADO,FECAPERTURA,FECRECEPCION,FECREALIZACION,OBSCHAPA,VEHICULO_NUMBASTIDOR,EFECTIVIDAD) values ('18','Reparar',to_date('22/03/20','DD/MM/RR'),to_date('22/03/20','DD/MM/RR'),to_date('29/03/20','DD/MM/RR'),'Correcta','632458',null);
Insert into AUTORACLE.SERVICIO (IDSERVICIO,ESTADO,FECAPERTURA,FECRECEPCION,FECREALIZACION,OBSCHAPA,VEHICULO_NUMBASTIDOR,EFECTIVIDAD) values ('1','Arreglado',to_date('15/03/20','DD/MM/RR'),to_date('15/03/20','DD/MM/RR'),to_date('25/04/20','DD/MM/RR'),'Correcta','234321','10');
Insert into AUTORACLE.SERVICIO (IDSERVICIO,ESTADO,FECAPERTURA,FECRECEPCION,FECREALIZACION,OBSCHAPA,VEHICULO_NUMBASTIDOR,EFECTIVIDAD) values ('45','Espera',to_date('02/02/20','DD/MM/RR'),to_date('04/02/20','DD/MM/RR'),null,'Mal','23876512',null);
Insert into AUTORACLE.SERVICIO (IDSERVICIO,ESTADO,FECAPERTURA,FECRECEPCION,FECREALIZACION,OBSCHAPA,VEHICULO_NUMBASTIDOR,EFECTIVIDAD) values ('23','Finalizado',to_date('23/03/20','DD/MM/RR'),to_date('23/03/20','DD/MM/RR'),to_date('23/03/20','DD/MM/RR'),'Correcta','54675432',null);
Insert into AUTORACLE.SERVICIO (IDSERVICIO,ESTADO,FECAPERTURA,FECRECEPCION,FECREALIZACION,OBSCHAPA,VEHICULO_NUMBASTIDOR,EFECTIVIDAD) values ('67','Reparando',to_date('26/03/20','DD/MM/RR'),to_date('26/03/20','DD/MM/RR'),null,'Correcta','21653498',null);
REM INSERTING into AUTORACLE.TRABAJA
SET DEFINE OFF;
Insert into AUTORACLE.TRABAJA (EMPLEADO_IDEMPLEADO,SERVICIO_IDSERVICIO) values ('1','221');
Insert into AUTORACLE.TRABAJA (EMPLEADO_IDEMPLEADO,SERVICIO_IDSERVICIO) values ('2','1');
Insert into AUTORACLE.TRABAJA (EMPLEADO_IDEMPLEADO,SERVICIO_IDSERVICIO) values ('42','45');
Insert into AUTORACLE.TRABAJA (EMPLEADO_IDEMPLEADO,SERVICIO_IDSERVICIO) values ('7','18');
Insert into AUTORACLE.TRABAJA (EMPLEADO_IDEMPLEADO,SERVICIO_IDSERVICIO) values ('8','12');
REM INSERTING into AUTORACLE.VACACIONES
SET DEFINE OFF;
Insert into AUTORACLE.VACACIONES (IDENTIFICADOR,FECENTRADA,FECSALIDA,CONCEDIDO,EMPLEADO_IDEMPLEADO) values ('7',to_date('22/05/20','DD/MM/RR'),to_date('22/06/20','DD/MM/RR'),'1','12');
Insert into AUTORACLE.VACACIONES (IDENTIFICADOR,FECENTRADA,FECSALIDA,CONCEDIDO,EMPLEADO_IDEMPLEADO) values ('1',to_date('29/03/20','DD/MM/RR'),to_date('30/03/20','DD/MM/RR'),'0','2');
Insert into AUTORACLE.VACACIONES (IDENTIFICADOR,FECENTRADA,FECSALIDA,CONCEDIDO,EMPLEADO_IDEMPLEADO) values ('2',to_date('29/03/20','DD/MM/RR'),to_date('31/03/20','DD/MM/RR'),'1','2');
Insert into AUTORACLE.VACACIONES (IDENTIFICADOR,FECENTRADA,FECSALIDA,CONCEDIDO,EMPLEADO_IDEMPLEADO) values ('20',to_date('16/03/20','DD/MM/RR'),to_date('27/03/20','DD/MM/RR'),'1','2');
Insert into AUTORACLE.VACACIONES (IDENTIFICADOR,FECENTRADA,FECSALIDA,CONCEDIDO,EMPLEADO_IDEMPLEADO) values ('22',to_date('03/04/20','DD/MM/RR'),to_date('13/04/20','DD/MM/RR'),'1','5');
Insert into AUTORACLE.VACACIONES (IDENTIFICADOR,FECENTRADA,FECSALIDA,CONCEDIDO,EMPLEADO_IDEMPLEADO) values ('21',to_date('07/07/20','DD/MM/RR'),to_date('17/07/20','DD/MM/RR'),'1','8');
Insert into AUTORACLE.VACACIONES (IDENTIFICADOR,FECENTRADA,FECSALIDA,CONCEDIDO,EMPLEADO_IDEMPLEADO) values ('18',to_date('15/08/20','DD/MM/RR'),to_date('30/08/20','DD/MM/RR'),'1','7');
Insert into AUTORACLE.VACACIONES (IDENTIFICADOR,FECENTRADA,FECSALIDA,CONCEDIDO,EMPLEADO_IDEMPLEADO) values ('13',to_date('09/06/20','DD/MM/RR'),to_date('19/06/20','DD/MM/RR'),'1','1');
Insert into AUTORACLE.VACACIONES (IDENTIFICADOR,FECENTRADA,FECSALIDA,CONCEDIDO,EMPLEADO_IDEMPLEADO) values ('32',to_date('16/03/20','DD/MM/RR'),to_date('11/04/20','DD/MM/RR'),'1','11');
Insert into AUTORACLE.VACACIONES (IDENTIFICADOR,FECENTRADA,FECSALIDA,CONCEDIDO,EMPLEADO_IDEMPLEADO) values ('8',to_date('30/06/20','DD/MM/RR'),to_date('28/08/20','DD/MM/RR'),'1','140');
REM INSERTING into AUTORACLE.VEHICULO
SET DEFINE OFF;
Insert into AUTORACLE.VEHICULO (NUMBASTIDOR,MATRICULA,FABRICACION,MODELO_IDMODELO,MODELO_MARCA_IDMARCA,CLIENTE_IDCLIENTE,KILOMETRAJE) values ('452442','2352JKL',null,'12','11','12','154340');
Insert into AUTORACLE.VEHICULO (NUMBASTIDOR,MATRICULA,FABRICACION,MODELO_IDMODELO,MODELO_MARCA_IDMARCA,CLIENTE_IDCLIENTE,KILOMETRAJE) values ('4658464','7654ASD',null,'22','3','777','20000');
Insert into AUTORACLE.VEHICULO (NUMBASTIDOR,MATRICULA,FABRICACION,MODELO_IDMODELO,MODELO_MARCA_IDMARCA,CLIENTE_IDCLIENTE,KILOMETRAJE) values ('78912345','1999COV',null,'9','9','123','35000');
Insert into AUTORACLE.VEHICULO (NUMBASTIDOR,MATRICULA,FABRICACION,MODELO_IDMODELO,MODELO_MARCA_IDMARCA,CLIENTE_IDCLIENTE,KILOMETRAJE) values ('234321','2309KUB',null,'6','2','44','50000');
Insert into AUTORACLE.VEHICULO (NUMBASTIDOR,MATRICULA,FABRICACION,MODELO_IDMODELO,MODELO_MARCA_IDMARCA,CLIENTE_IDCLIENTE,KILOMETRAJE) values ('632458','3685HDP',null,'12','11','22','110000');
Insert into AUTORACLE.VEHICULO (NUMBASTIDOR,MATRICULA,FABRICACION,MODELO_IDMODELO,MODELO_MARCA_IDMARCA,CLIENTE_IDCLIENTE,KILOMETRAJE) values ('123456','1458JDK','4000','22','3','44','70000');
Insert into AUTORACLE.VEHICULO (NUMBASTIDOR,MATRICULA,FABRICACION,MODELO_IDMODELO,MODELO_MARCA_IDMARCA,CLIENTE_IDCLIENTE,KILOMETRAJE) values ('1341243','8537APU',null,'6','2','790','100000');
Insert into AUTORACLE.VEHICULO (NUMBASTIDOR,MATRICULA,FABRICACION,MODELO_IDMODELO,MODELO_MARCA_IDMARCA,CLIENTE_IDCLIENTE,KILOMETRAJE) values ('54675432','3465GCM',null,'20','19','50','132453');
Insert into AUTORACLE.VEHICULO (NUMBASTIDOR,MATRICULA,FABRICACION,MODELO_IDMODELO,MODELO_MARCA_IDMARCA,CLIENTE_IDCLIENTE,KILOMETRAJE) values ('23876512','4523HGF','3000','14','12','290','54687');
Insert into AUTORACLE.VEHICULO (NUMBASTIDOR,MATRICULA,FABRICACION,MODELO_IDMODELO,MODELO_MARCA_IDMARCA,CLIENTE_IDCLIENTE,KILOMETRAJE) values ('21653498','1265RTE','1276','18','15','200','900');
Insert into AUTORACLE.VEHICULO (NUMBASTIDOR,MATRICULA,FABRICACION,MODELO_IDMODELO,MODELO_MARCA_IDMARCA,CLIENTE_IDCLIENTE,KILOMETRAJE) values ('14214561','6141FUT',null,'6','2','42','351252');
Insert into AUTORACLE.VEHICULO (NUMBASTIDOR,MATRICULA,FABRICACION,MODELO_IDMODELO,MODELO_MARCA_IDMARCA,CLIENTE_IDCLIENTE,KILOMETRAJE) values ('1234566','2332EEE','1800','14','12','12','10000');
--------------------------------------------------------
--  DDL for Index CATEGORIA_PK
--------------------------------------------------------

  CREATE UNIQUE INDEX "AUTORACLE"."CATEGORIA_PK" ON "AUTORACLE"."CATEGORIA" ("IDCATEGORIA") 
  ;
--------------------------------------------------------
--  DDL for Index CITA_PK
--------------------------------------------------------

  CREATE UNIQUE INDEX "AUTORACLE"."CITA_PK" ON "AUTORACLE"."CITA" ("CLIENTE_IDCLIENTE", "IDCITA") 
  ;
--------------------------------------------------------
--  DDL for Index CLIENTE_PK
--------------------------------------------------------

  CREATE UNIQUE INDEX "AUTORACLE"."CLIENTE_PK" ON "AUTORACLE"."CLIENTE" ("IDCLIENTE") 
  ;
--------------------------------------------------------
--  DDL for Index COMPATIBLE_PK
--------------------------------------------------------

  CREATE UNIQUE INDEX "AUTORACLE"."COMPATIBLE_PK" ON "AUTORACLE"."COMPATIBLE" ("PIEZA_CODREF", "MODELO_IDMODELO", "MODELO_IDMARCA") 
  ;
--------------------------------------------------------
--  DDL for Index COMPRA_PK
--------------------------------------------------------

  CREATE UNIQUE INDEX "AUTORACLE"."COMPRA_PK" ON "AUTORACLE"."COMPRA" ("IDCOMPRA") 
  ;
--------------------------------------------------------
--  DDL for Index CONTIENE_PK
--------------------------------------------------------

  CREATE UNIQUE INDEX "AUTORACLE"."CONTIENE_PK" ON "AUTORACLE"."CONTIENE" ("FACTURA_IDFACTURA", "PIEZA_CODREF") 
  ;
--------------------------------------------------------
--  DDL for Index EMPLEADO_PK
--------------------------------------------------------

  CREATE UNIQUE INDEX "AUTORACLE"."EMPLEADO_PK" ON "AUTORACLE"."EMPLEADO" ("IDEMPLEADO") 
  ;
--------------------------------------------------------
--  DDL for Index EXAMEN_PK
--------------------------------------------------------

  CREATE UNIQUE INDEX "AUTORACLE"."EXAMEN_PK" ON "AUTORACLE"."EXAMEN" ("CATEGORIA_IDCATEGORIA") 
  ;
--------------------------------------------------------
--  DDL for Index FACTURA_PK
--------------------------------------------------------

  CREATE UNIQUE INDEX "AUTORACLE"."FACTURA_PK" ON "AUTORACLE"."FACTURA" ("IDFACTURA") 
  ;
--------------------------------------------------------
--  DDL for Index LOTE_PK
--------------------------------------------------------

  CREATE UNIQUE INDEX "AUTORACLE"."LOTE_PK" ON "AUTORACLE"."LOTE" ("PIEZA_CODREF", "COMPRA_IDCOMPRA") 
  ;
--------------------------------------------------------
--  DDL for Index MANTENIMIENTO_PK
--------------------------------------------------------

  CREATE UNIQUE INDEX "AUTORACLE"."MANTENIMIENTO_PK" ON "AUTORACLE"."MANTENIMIENTO" ("IDSERVICIO") 
  ;
--------------------------------------------------------
--  DDL for Index MARCA_NOMBRE_UN
--------------------------------------------------------

  CREATE UNIQUE INDEX "AUTORACLE"."MARCA_NOMBRE_UN" ON "AUTORACLE"."MARCA" ("NOMBRE") 
  ;
--------------------------------------------------------
--  DDL for Index MARCA_PK
--------------------------------------------------------

  CREATE UNIQUE INDEX "AUTORACLE"."MARCA_PK" ON "AUTORACLE"."MARCA" ("IDMARCA") 
  ;
--------------------------------------------------------
--  DDL for Index MODELO_NOMBRE_UN
--------------------------------------------------------

  CREATE UNIQUE INDEX "AUTORACLE"."MODELO_NOMBRE_UN" ON "AUTORACLE"."MODELO" ("NOMBRE") 
  ;
--------------------------------------------------------
--  DDL for Index MODELO_PK
--------------------------------------------------------

  CREATE UNIQUE INDEX "AUTORACLE"."MODELO_PK" ON "AUTORACLE"."MODELO" ("IDMODELO", "MARCA_IDMARCA") 
  ;
--------------------------------------------------------
--  DDL for Index PIEZA_PK
--------------------------------------------------------

  CREATE UNIQUE INDEX "AUTORACLE"."PIEZA_PK" ON "AUTORACLE"."PIEZA" ("CODREF") 
  ;
--------------------------------------------------------
--  DDL for Index PROVEEDOR_PK
--------------------------------------------------------

  CREATE UNIQUE INDEX "AUTORACLE"."PROVEEDOR_PK" ON "AUTORACLE"."PROVEEDOR" ("NIF") 
  ;
--------------------------------------------------------
--  DDL for Index PROVEE_PK
--------------------------------------------------------

  CREATE UNIQUE INDEX "AUTORACLE"."PROVEE_PK" ON "AUTORACLE"."PROVEE" ("PROVEEDOR_NIF", "PIEZA_CODREF") 
  ;
--------------------------------------------------------
--  DDL for Index REPARACION_PK
--------------------------------------------------------

  CREATE UNIQUE INDEX "AUTORACLE"."REPARACION_PK" ON "AUTORACLE"."REPARACION" ("IDSERVICIO") 
  ;
--------------------------------------------------------
--  DDL for Index REQUIERE_PK
--------------------------------------------------------

  CREATE UNIQUE INDEX "AUTORACLE"."REQUIERE_PK" ON "AUTORACLE"."REQUIERE" ("PIEZA_CODREF", "EXAMEN_CATEGORIA_IDCATEGORIA") 
  ;
--------------------------------------------------------
--  DDL for Index SERVICIO_PK
--------------------------------------------------------

  CREATE UNIQUE INDEX "AUTORACLE"."SERVICIO_PK" ON "AUTORACLE"."SERVICIO" ("IDSERVICIO") 
  ;
--------------------------------------------------------
--  DDL for Index TRABAJA_PK
--------------------------------------------------------

  CREATE UNIQUE INDEX "AUTORACLE"."TRABAJA_PK" ON "AUTORACLE"."TRABAJA" ("EMPLEADO_IDEMPLEADO", "SERVICIO_IDSERVICIO") 
  ;
--------------------------------------------------------
--  DDL for Index VACACIONES_PK
--------------------------------------------------------

  CREATE UNIQUE INDEX "AUTORACLE"."VACACIONES_PK" ON "AUTORACLE"."VACACIONES" ("EMPLEADO_IDEMPLEADO", "IDENTIFICADOR") 
  ;
--------------------------------------------------------
--  DDL for Index VEHICULO_MATRICULA_UN
--------------------------------------------------------

  CREATE UNIQUE INDEX "AUTORACLE"."VEHICULO_MATRICULA_UN" ON "AUTORACLE"."VEHICULO" ("MATRICULA") 
  ;
--------------------------------------------------------
--  DDL for Index VEHICULO_PK
--------------------------------------------------------

  CREATE UNIQUE INDEX "AUTORACLE"."VEHICULO_PK" ON "AUTORACLE"."VEHICULO" ("NUMBASTIDOR") 
  ;
--------------------------------------------------------
--  Constraints for Table CATEGORIA
--------------------------------------------------------

  ALTER TABLE "AUTORACLE"."CATEGORIA" ADD CONSTRAINT "CATEGORIA_PK" PRIMARY KEY ("IDCATEGORIA")
  USING INDEX  ENABLE;
  ALTER TABLE "AUTORACLE"."CATEGORIA" MODIFY ("IDCATEGORIA" NOT NULL ENABLE);
--------------------------------------------------------
--  Constraints for Table CITA
--------------------------------------------------------

  ALTER TABLE "AUTORACLE"."CITA" ADD CONSTRAINT "CITA_PK" PRIMARY KEY ("CLIENTE_IDCLIENTE", "IDCITA")
  USING INDEX  ENABLE;
  ALTER TABLE "AUTORACLE"."CITA" MODIFY ("IDCITA" NOT NULL ENABLE);
  ALTER TABLE "AUTORACLE"."CITA" MODIFY ("FECHA_SOLICITUD" NOT NULL ENABLE);
  ALTER TABLE "AUTORACLE"."CITA" MODIFY ("FECHA_CONCERTADA" NOT NULL ENABLE);
  ALTER TABLE "AUTORACLE"."CITA" MODIFY ("CLIENTE_IDCLIENTE" NOT NULL ENABLE);
--------------------------------------------------------
--  Constraints for Table CLIENTE
--------------------------------------------------------

  ALTER TABLE "AUTORACLE"."CLIENTE" ADD CONSTRAINT "CLIENTE_PK" PRIMARY KEY ("IDCLIENTE")
  USING INDEX  ENABLE;
  ALTER TABLE "AUTORACLE"."CLIENTE" MODIFY ("IDCLIENTE" NOT NULL ENABLE);
  ALTER TABLE "AUTORACLE"."CLIENTE" MODIFY ("TELEFONO" NOT NULL ENABLE);
--------------------------------------------------------
--  Constraints for Table COMPATIBLE
--------------------------------------------------------

  ALTER TABLE "AUTORACLE"."COMPATIBLE" ADD CONSTRAINT "COMPATIBLE_PK" PRIMARY KEY ("PIEZA_CODREF", "MODELO_IDMODELO", "MODELO_IDMARCA")
  USING INDEX  ENABLE;
  ALTER TABLE "AUTORACLE"."COMPATIBLE" MODIFY ("PIEZA_CODREF" NOT NULL ENABLE);
  ALTER TABLE "AUTORACLE"."COMPATIBLE" MODIFY ("MODELO_IDMODELO" NOT NULL ENABLE);
  ALTER TABLE "AUTORACLE"."COMPATIBLE" MODIFY ("MODELO_IDMARCA" NOT NULL ENABLE);
--------------------------------------------------------
--  Constraints for Table COMPRA
--------------------------------------------------------

  ALTER TABLE "AUTORACLE"."COMPRA" ADD CONSTRAINT "COMPRA_PK" PRIMARY KEY ("IDCOMPRA")
  USING INDEX  ENABLE;
  ALTER TABLE "AUTORACLE"."COMPRA" MODIFY ("IDCOMPRA" NOT NULL ENABLE);
  ALTER TABLE "AUTORACLE"."COMPRA" MODIFY ("FECEMISION" NOT NULL ENABLE);
  ALTER TABLE "AUTORACLE"."COMPRA" MODIFY ("PROVEEDOR_NIF" NOT NULL ENABLE);
--------------------------------------------------------
--  Constraints for Table CONTIENE
--------------------------------------------------------

  ALTER TABLE "AUTORACLE"."CONTIENE" ADD CONSTRAINT "CONTIENE_PK" PRIMARY KEY ("FACTURA_IDFACTURA", "PIEZA_CODREF")
  USING INDEX  ENABLE;
  ALTER TABLE "AUTORACLE"."CONTIENE" MODIFY ("FACTURA_IDFACTURA" NOT NULL ENABLE);
  ALTER TABLE "AUTORACLE"."CONTIENE" MODIFY ("PIEZA_CODREF" NOT NULL ENABLE);
--------------------------------------------------------
--  Constraints for Table EMPLEADO
--------------------------------------------------------

  ALTER TABLE "AUTORACLE"."EMPLEADO" ADD CONSTRAINT "EMPLEADO_PK" PRIMARY KEY ("IDEMPLEADO")
  USING INDEX  ENABLE;
  ALTER TABLE "AUTORACLE"."EMPLEADO" MODIFY ("IDEMPLEADO" NOT NULL ENABLE);
  ALTER TABLE "AUTORACLE"."EMPLEADO" MODIFY ("NOMBRE" NOT NULL ENABLE);
  ALTER TABLE "AUTORACLE"."EMPLEADO" MODIFY ("FECENTRADA" NOT NULL ENABLE);
  ALTER TABLE "AUTORACLE"."EMPLEADO" MODIFY ("DESPEDIDO" NOT NULL ENABLE);
  ALTER TABLE "AUTORACLE"."EMPLEADO" MODIFY ("SUELDOBASE" NOT NULL ENABLE);
--------------------------------------------------------
--  Constraints for Table EXAMEN
--------------------------------------------------------

  ALTER TABLE "AUTORACLE"."EXAMEN" ADD CONSTRAINT "EXAMEN_PK" PRIMARY KEY ("CATEGORIA_IDCATEGORIA")
  USING INDEX  ENABLE;
  ALTER TABLE "AUTORACLE"."EXAMEN" MODIFY ("CATEGORIA_IDCATEGORIA" NOT NULL ENABLE);
  ALTER TABLE "AUTORACLE"."EXAMEN" MODIFY ("MANTENIMIENTO_IDSERVICIO" NOT NULL ENABLE);
--------------------------------------------------------
--  Constraints for Table FACTURA
--------------------------------------------------------

  ALTER TABLE "AUTORACLE"."FACTURA" ADD CONSTRAINT "FACTURA_PK" PRIMARY KEY ("IDFACTURA")
  USING INDEX  ENABLE;
  ALTER TABLE "AUTORACLE"."FACTURA" MODIFY ("IDFACTURA" NOT NULL ENABLE);
  ALTER TABLE "AUTORACLE"."FACTURA" MODIFY ("CLIENTE_IDCLIENTE" NOT NULL ENABLE);
  ALTER TABLE "AUTORACLE"."FACTURA" MODIFY ("IVA" NOT NULL ENABLE);
  ALTER TABLE "AUTORACLE"."FACTURA" MODIFY ("FECEMISION" NOT NULL ENABLE);
  ALTER TABLE "AUTORACLE"."FACTURA" MODIFY ("EMPLEADO_IDEMPLEADO" NOT NULL ENABLE);
  ALTER TABLE "AUTORACLE"."FACTURA" ADD CHECK ( iva BETWEEN 0 AND 100 ) ENABLE;
  ALTER TABLE "AUTORACLE"."FACTURA" ADD CHECK ( descuento BETWEEN 0 AND 100 ) ENABLE;
--------------------------------------------------------
--  Constraints for Table LOTE
--------------------------------------------------------

  ALTER TABLE "AUTORACLE"."LOTE" ADD CONSTRAINT "LOTE_PK" PRIMARY KEY ("PIEZA_CODREF", "COMPRA_IDCOMPRA")
  USING INDEX  ENABLE;
  ALTER TABLE "AUTORACLE"."LOTE" MODIFY ("PIEZA_CODREF" NOT NULL ENABLE);
  ALTER TABLE "AUTORACLE"."LOTE" MODIFY ("COMPRA_IDCOMPRA" NOT NULL ENABLE);
--------------------------------------------------------
--  Constraints for Table MANTENIMIENTO
--------------------------------------------------------

  ALTER TABLE "AUTORACLE"."MANTENIMIENTO" ADD CONSTRAINT "MANTENIMIENTO_PK" PRIMARY KEY ("IDSERVICIO")
  USING INDEX  ENABLE;
  ALTER TABLE "AUTORACLE"."MANTENIMIENTO" MODIFY ("IDSERVICIO" NOT NULL ENABLE);
--------------------------------------------------------
--  Constraints for Table MARCA
--------------------------------------------------------

  ALTER TABLE "AUTORACLE"."MARCA" ADD CONSTRAINT "MARCA_NOMBRE_UN" UNIQUE ("NOMBRE")
  USING INDEX  ENABLE;
  ALTER TABLE "AUTORACLE"."MARCA" ADD CONSTRAINT "MARCA_PK" PRIMARY KEY ("IDMARCA")
  USING INDEX  ENABLE;
  ALTER TABLE "AUTORACLE"."MARCA" MODIFY ("IDMARCA" NOT NULL ENABLE);
  ALTER TABLE "AUTORACLE"."MARCA" MODIFY ("NOMBRE" NOT NULL ENABLE);
--------------------------------------------------------
--  Constraints for Table MODELO
--------------------------------------------------------

  ALTER TABLE "AUTORACLE"."MODELO" ADD CONSTRAINT "MODELO_NOMBRE_UN" UNIQUE ("NOMBRE")
  USING INDEX  ENABLE;
  ALTER TABLE "AUTORACLE"."MODELO" ADD CONSTRAINT "MODELO_PK" PRIMARY KEY ("IDMODELO", "MARCA_IDMARCA")
  USING INDEX  ENABLE;
  ALTER TABLE "AUTORACLE"."MODELO" MODIFY ("IDMODELO" NOT NULL ENABLE);
  ALTER TABLE "AUTORACLE"."MODELO" MODIFY ("MARCA_IDMARCA" NOT NULL ENABLE);
  ALTER TABLE "AUTORACLE"."MODELO" MODIFY ("NOMBRE" NOT NULL ENABLE);
--------------------------------------------------------
--  Constraints for Table PIEZA
--------------------------------------------------------

  ALTER TABLE "AUTORACLE"."PIEZA" ADD CONSTRAINT "PIEZA_PK" PRIMARY KEY ("CODREF")
  USING INDEX  ENABLE;
  ALTER TABLE "AUTORACLE"."PIEZA" MODIFY ("CODREF" NOT NULL ENABLE);
  ALTER TABLE "AUTORACLE"."PIEZA" MODIFY ("NOMBRE" NOT NULL ENABLE);
  ALTER TABLE "AUTORACLE"."PIEZA" MODIFY ("PRECIOUNIDADVENTA" NOT NULL ENABLE);
  ALTER TABLE "AUTORACLE"."PIEZA" MODIFY ("CANTIDAD" NOT NULL ENABLE);
  ALTER TABLE "AUTORACLE"."PIEZA" MODIFY ("PROVEEDOR_NIF" NOT NULL ENABLE);
--------------------------------------------------------
--  Constraints for Table PROVEE
--------------------------------------------------------

  ALTER TABLE "AUTORACLE"."PROVEE" ADD CONSTRAINT "PROVEE_PK" PRIMARY KEY ("PROVEEDOR_NIF", "PIEZA_CODREF")
  USING INDEX  ENABLE;
  ALTER TABLE "AUTORACLE"."PROVEE" MODIFY ("PROVEEDOR_NIF" NOT NULL ENABLE);
  ALTER TABLE "AUTORACLE"."PROVEE" MODIFY ("PIEZA_CODREF" NOT NULL ENABLE);
--------------------------------------------------------
--  Constraints for Table PROVEEDOR
--------------------------------------------------------

  ALTER TABLE "AUTORACLE"."PROVEEDOR" ADD CONSTRAINT "PROVEEDOR_PK" PRIMARY KEY ("NIF")
  USING INDEX  ENABLE;
  ALTER TABLE "AUTORACLE"."PROVEEDOR" MODIFY ("NIF" NOT NULL ENABLE);
  ALTER TABLE "AUTORACLE"."PROVEEDOR" MODIFY ("TELEFONO" NOT NULL ENABLE);
--------------------------------------------------------
--  Constraints for Table REPARACION
--------------------------------------------------------

  ALTER TABLE "AUTORACLE"."REPARACION" ADD CONSTRAINT "REPARACION_PK" PRIMARY KEY ("IDSERVICIO")
  USING INDEX  ENABLE;
  ALTER TABLE "AUTORACLE"."REPARACION" MODIFY ("IDSERVICIO" NOT NULL ENABLE);
  ALTER TABLE "AUTORACLE"."REPARACION" MODIFY ("MOTIVO" NOT NULL ENABLE);
  ALTER TABLE "AUTORACLE"."REPARACION" MODIFY ("HORAS" NOT NULL ENABLE);
--------------------------------------------------------
--  Constraints for Table REQUIERE
--------------------------------------------------------

  ALTER TABLE "AUTORACLE"."REQUIERE" ADD CONSTRAINT "REQUIERE_PK" PRIMARY KEY ("PIEZA_CODREF", "EXAMEN_CATEGORIA_IDCATEGORIA")
  USING INDEX  ENABLE;
  ALTER TABLE "AUTORACLE"."REQUIERE" MODIFY ("PIEZA_CODREF" NOT NULL ENABLE);
  ALTER TABLE "AUTORACLE"."REQUIERE" MODIFY ("EXAMEN_CATEGORIA_IDCATEGORIA" NOT NULL ENABLE);
--------------------------------------------------------
--  Constraints for Table SERVICIO
--------------------------------------------------------

  ALTER TABLE "AUTORACLE"."SERVICIO" ADD CONSTRAINT "SERVICIO_PK" PRIMARY KEY ("IDSERVICIO")
  USING INDEX  ENABLE;
  ALTER TABLE "AUTORACLE"."SERVICIO" MODIFY ("IDSERVICIO" NOT NULL ENABLE);
  ALTER TABLE "AUTORACLE"."SERVICIO" MODIFY ("ESTADO" NOT NULL ENABLE);
  ALTER TABLE "AUTORACLE"."SERVICIO" MODIFY ("FECAPERTURA" NOT NULL ENABLE);
  ALTER TABLE "AUTORACLE"."SERVICIO" MODIFY ("VEHICULO_NUMBASTIDOR" NOT NULL ENABLE);
--------------------------------------------------------
--  Constraints for Table TRABAJA
--------------------------------------------------------

  ALTER TABLE "AUTORACLE"."TRABAJA" MODIFY ("EMPLEADO_IDEMPLEADO" NOT NULL ENABLE);
  ALTER TABLE "AUTORACLE"."TRABAJA" MODIFY ("SERVICIO_IDSERVICIO" NOT NULL ENABLE);
  ALTER TABLE "AUTORACLE"."TRABAJA" ADD CONSTRAINT "TRABAJA_PK" PRIMARY KEY ("EMPLEADO_IDEMPLEADO", "SERVICIO_IDSERVICIO")
  USING INDEX  ENABLE;
--------------------------------------------------------
--  Constraints for Table VACACIONES
--------------------------------------------------------

  ALTER TABLE "AUTORACLE"."VACACIONES" MODIFY ("IDENTIFICADOR" NOT NULL ENABLE);
  ALTER TABLE "AUTORACLE"."VACACIONES" MODIFY ("FECENTRADA" NOT NULL ENABLE);
  ALTER TABLE "AUTORACLE"."VACACIONES" MODIFY ("FECSALIDA" NOT NULL ENABLE);
  ALTER TABLE "AUTORACLE"."VACACIONES" MODIFY ("EMPLEADO_IDEMPLEADO" NOT NULL ENABLE);
  ALTER TABLE "AUTORACLE"."VACACIONES" ADD CONSTRAINT "VACACIONES_PK" PRIMARY KEY ("EMPLEADO_IDEMPLEADO", "IDENTIFICADOR")
  USING INDEX  ENABLE;
--------------------------------------------------------
--  Constraints for Table VEHICULO
--------------------------------------------------------

  ALTER TABLE "AUTORACLE"."VEHICULO" MODIFY ("NUMBASTIDOR" NOT NULL ENABLE);
  ALTER TABLE "AUTORACLE"."VEHICULO" MODIFY ("MODELO_IDMODELO" NOT NULL ENABLE);
  ALTER TABLE "AUTORACLE"."VEHICULO" MODIFY ("MODELO_MARCA_IDMARCA" NOT NULL ENABLE);
  ALTER TABLE "AUTORACLE"."VEHICULO" ADD CONSTRAINT "VEHICULO_MATRICULA_UN" UNIQUE ("MATRICULA")
  USING INDEX  ENABLE;
  ALTER TABLE "AUTORACLE"."VEHICULO" ADD CONSTRAINT "VEHICULO_PK" PRIMARY KEY ("NUMBASTIDOR")
  USING INDEX  ENABLE;
--------------------------------------------------------
--  Ref Constraints for Table CITA
--------------------------------------------------------

  ALTER TABLE "AUTORACLE"."CITA" ADD CONSTRAINT "CITA_CLIENTE_FK" FOREIGN KEY ("CLIENTE_IDCLIENTE")
	  REFERENCES "AUTORACLE"."CLIENTE" ("IDCLIENTE") ENABLE;
--------------------------------------------------------
--  Ref Constraints for Table COMPATIBLE
--------------------------------------------------------

  ALTER TABLE "AUTORACLE"."COMPATIBLE" ADD CONSTRAINT "COMPATIBLE_MODELO_FK" FOREIGN KEY ("MODELO_IDMODELO", "MODELO_IDMARCA")
	  REFERENCES "AUTORACLE"."MODELO" ("IDMODELO", "MARCA_IDMARCA") ENABLE;
  ALTER TABLE "AUTORACLE"."COMPATIBLE" ADD CONSTRAINT "COMPATIBLE_PIEZA_FK" FOREIGN KEY ("PIEZA_CODREF")
	  REFERENCES "AUTORACLE"."PIEZA" ("CODREF") ENABLE;
--------------------------------------------------------
--  Ref Constraints for Table COMPRA
--------------------------------------------------------

  ALTER TABLE "AUTORACLE"."COMPRA" ADD CONSTRAINT "COMPRA_PROVEEDOR_FK" FOREIGN KEY ("PROVEEDOR_NIF")
	  REFERENCES "AUTORACLE"."PROVEEDOR" ("NIF") ENABLE;
--------------------------------------------------------
--  Ref Constraints for Table CONTIENE
--------------------------------------------------------

  ALTER TABLE "AUTORACLE"."CONTIENE" ADD CONSTRAINT "CONTIENE_FACTURA_FK" FOREIGN KEY ("FACTURA_IDFACTURA")
	  REFERENCES "AUTORACLE"."FACTURA" ("IDFACTURA") ENABLE;
  ALTER TABLE "AUTORACLE"."CONTIENE" ADD CONSTRAINT "CONTIENE_PIEZA_FK" FOREIGN KEY ("PIEZA_CODREF")
	  REFERENCES "AUTORACLE"."PIEZA" ("CODREF") ENABLE;
--------------------------------------------------------
--  Ref Constraints for Table EXAMEN
--------------------------------------------------------

  ALTER TABLE "AUTORACLE"."EXAMEN" ADD CONSTRAINT "EXAMEN_CATEGORIA_FK" FOREIGN KEY ("CATEGORIA_IDCATEGORIA")
	  REFERENCES "AUTORACLE"."CATEGORIA" ("IDCATEGORIA") ENABLE;
  ALTER TABLE "AUTORACLE"."EXAMEN" ADD CONSTRAINT "EXAMEN_MANTENIMIENTO_FK" FOREIGN KEY ("MANTENIMIENTO_IDSERVICIO")
	  REFERENCES "AUTORACLE"."MANTENIMIENTO" ("IDSERVICIO") ENABLE;
--------------------------------------------------------
--  Ref Constraints for Table FACTURA
--------------------------------------------------------

  ALTER TABLE "AUTORACLE"."FACTURA" ADD CONSTRAINT "FACTURA_CLIENTE_FK" FOREIGN KEY ("CLIENTE_IDCLIENTE")
	  REFERENCES "AUTORACLE"."CLIENTE" ("IDCLIENTE") ENABLE;
  ALTER TABLE "AUTORACLE"."FACTURA" ADD CONSTRAINT "FACTURA_EMPLEADO_FK" FOREIGN KEY ("EMPLEADO_IDEMPLEADO")
	  REFERENCES "AUTORACLE"."EMPLEADO" ("IDEMPLEADO") ENABLE;
--------------------------------------------------------
--  Ref Constraints for Table LOTE
--------------------------------------------------------

  ALTER TABLE "AUTORACLE"."LOTE" ADD CONSTRAINT "LOTE_COMPRA_FK" FOREIGN KEY ("COMPRA_IDCOMPRA")
	  REFERENCES "AUTORACLE"."COMPRA" ("IDCOMPRA") ENABLE;
  ALTER TABLE "AUTORACLE"."LOTE" ADD CONSTRAINT "LOTE_PIEZA_FK" FOREIGN KEY ("PIEZA_CODREF")
	  REFERENCES "AUTORACLE"."PIEZA" ("CODREF") ENABLE;
--------------------------------------------------------
--  Ref Constraints for Table MANTENIMIENTO
--------------------------------------------------------

  ALTER TABLE "AUTORACLE"."MANTENIMIENTO" ADD CONSTRAINT "MANTENIMIENTO_SERVICIO_FK" FOREIGN KEY ("IDSERVICIO")
	  REFERENCES "AUTORACLE"."SERVICIO" ("IDSERVICIO") ENABLE;
--------------------------------------------------------
--  Ref Constraints for Table MODELO
--------------------------------------------------------

  ALTER TABLE "AUTORACLE"."MODELO" ADD CONSTRAINT "MODELO_MARCA_FK" FOREIGN KEY ("MARCA_IDMARCA")
	  REFERENCES "AUTORACLE"."MARCA" ("IDMARCA") ENABLE;
--------------------------------------------------------
--  Ref Constraints for Table PIEZA
--------------------------------------------------------

  ALTER TABLE "AUTORACLE"."PIEZA" ADD CONSTRAINT "PIEZA_PROVEEDOR_FK" FOREIGN KEY ("PROVEEDOR_NIF")
	  REFERENCES "AUTORACLE"."PROVEEDOR" ("NIF") ENABLE;
--------------------------------------------------------
--  Ref Constraints for Table PROVEE
--------------------------------------------------------

  ALTER TABLE "AUTORACLE"."PROVEE" ADD CONSTRAINT "PROVEE_PIEZA_FK" FOREIGN KEY ("PIEZA_CODREF")
	  REFERENCES "AUTORACLE"."PIEZA" ("CODREF") ENABLE;
  ALTER TABLE "AUTORACLE"."PROVEE" ADD CONSTRAINT "PROVEE_PROVEEDOR_FK" FOREIGN KEY ("PROVEEDOR_NIF")
	  REFERENCES "AUTORACLE"."PROVEEDOR" ("NIF") ENABLE;
--------------------------------------------------------
--  Ref Constraints for Table REPARACION
--------------------------------------------------------

  ALTER TABLE "AUTORACLE"."REPARACION" ADD CONSTRAINT "REPARACION_SERVICIO_FK" FOREIGN KEY ("IDSERVICIO")
	  REFERENCES "AUTORACLE"."SERVICIO" ("IDSERVICIO") ENABLE;
--------------------------------------------------------
--  Ref Constraints for Table REQUIERE
--------------------------------------------------------

  ALTER TABLE "AUTORACLE"."REQUIERE" ADD CONSTRAINT "REQUIERE_EXAMEN_FK" FOREIGN KEY ("EXAMEN_CATEGORIA_IDCATEGORIA")
	  REFERENCES "AUTORACLE"."EXAMEN" ("CATEGORIA_IDCATEGORIA") ENABLE;
  ALTER TABLE "AUTORACLE"."REQUIERE" ADD CONSTRAINT "REQUIERE_PIEZA_FK" FOREIGN KEY ("PIEZA_CODREF")
	  REFERENCES "AUTORACLE"."PIEZA" ("CODREF") ENABLE;
--------------------------------------------------------
--  Ref Constraints for Table SERVICIO
--------------------------------------------------------

  ALTER TABLE "AUTORACLE"."SERVICIO" ADD CONSTRAINT "SERVICIO_VEHICULO_FK" FOREIGN KEY ("VEHICULO_NUMBASTIDOR")
	  REFERENCES "AUTORACLE"."VEHICULO" ("NUMBASTIDOR") ENABLE;
--------------------------------------------------------
--  Ref Constraints for Table TRABAJA
--------------------------------------------------------

  ALTER TABLE "AUTORACLE"."TRABAJA" ADD CONSTRAINT "TRABAJA_EMPLEADO_FK" FOREIGN KEY ("EMPLEADO_IDEMPLEADO")
	  REFERENCES "AUTORACLE"."EMPLEADO" ("IDEMPLEADO") ENABLE;
  ALTER TABLE "AUTORACLE"."TRABAJA" ADD CONSTRAINT "TRABAJA_SERVICIO_FK" FOREIGN KEY ("SERVICIO_IDSERVICIO")
	  REFERENCES "AUTORACLE"."SERVICIO" ("IDSERVICIO") ENABLE;
--------------------------------------------------------
--  Ref Constraints for Table VACACIONES
--------------------------------------------------------

  ALTER TABLE "AUTORACLE"."VACACIONES" ADD CONSTRAINT "VACACIONES_EMPLEADO_FK" FOREIGN KEY ("EMPLEADO_IDEMPLEADO")
	  REFERENCES "AUTORACLE"."EMPLEADO" ("IDEMPLEADO") ENABLE;
--------------------------------------------------------
--  Ref Constraints for Table VEHICULO
--------------------------------------------------------

  ALTER TABLE "AUTORACLE"."VEHICULO" ADD CONSTRAINT "VEHICULO_CLIENTE_FK" FOREIGN KEY ("CLIENTE_IDCLIENTE")
	  REFERENCES "AUTORACLE"."CLIENTE" ("IDCLIENTE") ENABLE;
  ALTER TABLE "AUTORACLE"."VEHICULO" ADD CONSTRAINT "VEHICULO_MODELO_FK" FOREIGN KEY ("MODELO_IDMODELO", "MODELO_MARCA_IDMARCA")
	  REFERENCES "AUTORACLE"."MODELO" ("IDMODELO", "MARCA_IDMARCA") ENABLE;
